course,specialization,interests,skills,combined,course_spec,career
b.sc,computer applications,cloud computing,python;sql;java,b.sc computer applications cloud computing python;sql;java,b.sc computer applications,web developer
b.e,computer science engineering,technology,"critical thinking, analytic thinking, sql, programming, work under pressure, logical skills, problem solving skills","b.e computer science engineering technology critical thinking, analytic thinking, sql, programming, work under pressure, logical skills, problem solving skills",b.e computer science engineering,software engineer
ba,psychology,understand human behaviour,people management;communication skills,ba psychology understand human behaviour people management;communication skills,ba psychology,psychologist
mba,commerce,sales/marketing;trading;understand human behaviour;home interior design,accounting skills;critical thinking,mba commerce sales/marketing;trading;understand human behaviour;home interior design accounting skills;critical thinking,mba commerce,accountant
b.tech,instrumentation engineering,technology,plc allen bradley;plc ladder logic;labview;business analysis;end-to-end projectmanagement;crossfunctional team leadership;requirements gathering;lean six sigma;lean six sigma blackbelt;productivity improvement,b.tech instrumentation engineering technology plc allen bradley;plc ladder logic;labview;business analysis;end-to-end projectmanagement;crossfunctional team leadership;requirements gathering;lean six sigma;lean six sigma blackbelt;productivity improvement,b.tech instrumentation engineering,automation engineer
b.tech,computer science engineering,technology,"c,c++,html,java","b.tech computer science engineering technology c,c++,html,java",b.tech computer science engineering,software engineer
bms,commerce,"research, sales/marketing","critical thinking, analytic thinking, communication skills, creativity skills, excel, logical skills, interpersonal skills, presentation skills, problem solving skills, observation skills, reading","bms commerce research, sales/marketing critical thinking, analytic thinking, communication skills, creativity skills, excel, logical skills, interpersonal skills, presentation skills, problem solving skills, observation skills, reading",bms commerce,accountant
b.tech,computer science engineering,technology,no,b.tech computer science engineering technology no,b.tech computer science engineering,software engineer
b.tech,computer science engineering,technology,programming language skills;critical thinking;linux;python;sql;java,b.tech computer science engineering technology programming language skills;critical thinking;linux;python;sql;java,b.tech computer science engineering,software engineer
b.sc,physics,research;teaching;technology;understand human behaviour;understand human body;content writing;govt. job;service;infrastructure,active listening;critical thinking;gathering information;artistic/creative skills;communication skills;leadership;editing;problem solving skills;writing skills;medical knowledge;hr;good communication skills;teaching,b.sc physics research;teaching;technology;understand human behaviour;understand human body;content writing;govt. job;service;infrastructure active listening;critical thinking;gathering information;artistic/creative skills;communication skills;leadership;editing;problem solving skills;writing skills;medical knowledge;hr;good communication skills;teaching,b.sc physics,research scientist
b.com,accountancy,financial analysis,"accounting skills, analytic thinking, cost accounting, team work, excel, problem solving skills, writing, tableau","b.com accountancy financial analysis accounting skills, analytic thinking, cost accounting, team work, excel, problem solving skills, writing, tableau",b.com accountancy,accountant
be,automobile engineering,"take risk for profits, technology, entrepreneurship","analytic thinking, gathering informing, communication skills, team work, presentation skills, problem solving skills","be automobile engineering take risk for profits, technology, entrepreneurship analytic thinking, gathering informing, communication skills, team work, presentation skills, problem solving skills",be automobile engineering,automobile engineer
mba,marketing,"sales/marketing;trading;understand human behaviour;digital marketing;market reserach;agriculture, services;construction manegement",accounting skills;business knowledge;leadership;problem solving skills;wealth management,"mba marketing sales/marketing;trading;understand human behaviour;digital marketing;market reserach;agriculture, services;construction manegement accounting skills;business knowledge;leadership;problem solving skills;wealth management",mba marketing,marketing manager
be,automation,data analytics,critical thinking;gathering information;presentation skills;python;sql;good communication skills,be automation data analytics critical thinking;gathering information;presentation skills;python;sql;good communication skills,be automation,other
bca,computer applications,technology,communication skills;writing skills;c++;python;sql;java;cloud computing,bca computer applications technology communication skills;writing skills;c++;python;sql;java;cloud computing,bca computer applications,software developer
be,"science,maths, engineering subject",research;technology;data analytics;govt. job,analytical skills;data visualization skills( power bi/ tableau );machine learning skills;python;sql,"be science,maths, engineering subject research;technology;data analytics;govt. job analytical skills;data visualization skills( power bi/ tableau );machine learning skills;python;sql","be science,maths, engineering subject",other
b.tech,computer science engineering,financial analysis;research;data analytics;data scientist,programming language skills;critical thinking;gathering information;leadership;machine learning skills;python;artificial intelligence;sql;java;matlab;good communication skills,b.tech computer science engineering financial analysis;research;data analytics;data scientist programming language skills;critical thinking;gathering information;leadership;machine learning skills;python;artificial intelligence;sql;java;matlab;good communication skills,b.tech computer science engineering,software engineer
be,mechanical engineering,entrepreneurship,"python, critical thinking, analytic thinking, gathering informing, sql, programming, leadership, product knowledge, cost accounting, market study, team work, excel, logical skills, r, problem solving skills, writing, tableau","be mechanical engineering entrepreneurship python, critical thinking, analytic thinking, gathering informing, sql, programming, leadership, product knowledge, cost accounting, market study, team work, excel, logical skills, r, problem solving skills, writing, tableau",be mechanical engineering,engineer
b.tech,electrical and electronics engineering,technology,matlab ;embedded c; arduino; c ++;c ;avr;eagle pcb;arm cortex-m;kicad;software project management,b.tech electrical and electronics engineering technology matlab ;embedded c; arduino; c ++;c ;avr;eagle pcb;arm cortex-m;kicad;software project management,b.tech electrical and electronics engineering,engineer
be,structural engineeeing,research;teaching;technology;data analytics,"active listening;critical thinking;analytical skills;people management;communication skills;leadership;problem solving skills;designing skills;proeficiency in software like staad pro, etabs","be structural engineeeing research;teaching;technology;data analytics active listening;critical thinking;analytical skills;people management;communication skills;leadership;problem solving skills;designing skills;proeficiency in software like staad pro, etabs",be structural engineeeing,other
m.tech,mining,teaching;technology;industires,hardware skills,m.tech mining teaching;technology;industires hardware skills,m.tech mining,other
b.tech,computer science engineering,financial analysis;research;sales/marketing;technology;data analytics,business knowledge;analytical skills;product knowledge;problem solving skills;risk management skills;designing skills;machine learning skills;python;sql;cloud computing;hr,b.tech computer science engineering financial analysis;research;sales/marketing;technology;data analytics business knowledge;analytical skills;product knowledge;problem solving skills;risk management skills;designing skills;machine learning skills;python;sql;cloud computing;hr,b.tech computer science engineering,software engineer
b.tech,mechanical engineering,technology;all fields related to data science.;industires;information technology,"proeficiency in software like staad pro, etabs;cad/cae(autocad/catia/ansys/proe/seimensnx)","b.tech mechanical engineering technology;all fields related to data science.;industires;information technology proeficiency in software like staad pro, etabs;cad/cae(autocad/catia/ansys/proe/seimensnx)",b.tech mechanical engineering,mechanical engineer
b.com,accountancy,financial analysis;news coverage;research;sales/marketing;social justice;teaching;technology;trading;understand human behaviour;understand human body;supply chain analysis;data analytics;govt. job;game industry;digital marketing,accounting skills;active listening;critical thinking;gathering information;business knowledge;analytical skills;finance related skills;people management;communication skills;negotiation skills;mass communication;leadership;product knowledge;problem solving skills;risk management skills;data visualization skills( power bi/ tableau );sales;interpersonal skills;wealth management,b.com accountancy financial analysis;news coverage;research;sales/marketing;social justice;teaching;technology;trading;understand human behaviour;understand human body;supply chain analysis;data analytics;govt. job;game industry;digital marketing accounting skills;active listening;critical thinking;gathering information;business knowledge;analytical skills;finance related skills;people management;communication skills;negotiation skills;mass communication;leadership;product knowledge;problem solving skills;risk management skills;data visualization skills( power bi/ tableau );sales;interpersonal skills;wealth management,b.com accountancy,accountant
bca,c language,technology;service,programming language skills;communication skills;writing skills;machine learning skills;sales;c++;r,bca c language technology;service programming language skills;communication skills;writing skills;machine learning skills;sales;c++;r,bca c language,other
bca,"c,c++, java",teaching,active listening;teaching,"bca c,c++, java teaching active listening;teaching","bca c,c++, java",other
b.tech,civil engineering,market reserach,business knowledge;civil & criminal law;product knowledge,b.tech civil engineering market reserach business knowledge;civil & criminal law;product knowledge,b.tech civil engineering,civil engineer
b.tech,mechanical engineering,design,critical thinking;problem solving skills;designing skills;interpersonal skills;python,b.tech mechanical engineering design critical thinking;problem solving skills;designing skills;interpersonal skills;python,b.tech mechanical engineering,mechanical engineer
bba,management,financial analysis,strategic planning;financial analysis;financial modeling;marketing strategy;financial services,bba management financial analysis strategic planning;financial analysis;financial modeling;marketing strategy;financial services,bba management,business analyst
be,automobile engineering,"financial analysis, sales/marketing, technology, entrepreneurship","business knowledge, people management, communication skills, work under pressure, leadership, market study, team work, interpersonal skills, presentation skills, designing skills, sales, design and analysis of automobile components, vehicle maintenance and reconditioning, design for manufacturer and assemble","be automobile engineering financial analysis, sales/marketing, technology, entrepreneurship business knowledge, people management, communication skills, work under pressure, leadership, market study, team work, interpersonal skills, presentation skills, designing skills, sales, design and analysis of automobile components, vehicle maintenance and reconditioning, design for manufacturer and assemble",be automobile engineering,automobile engineer
be,electronics and communication engineering,embedded design,"creativity skills, excel, logical skills, observation skills, risk managing, designing skills, vlsi design,simulation,embedded,iot","be electronics and communication engineering embedded design creativity skills, excel, logical skills, observation skills, risk managing, designing skills, vlsi design,simulation,embedded,iot",be electronics and communication engineering,electronics and communication engineer
b.tech,computer science engineering,research,"python, critical thinking, analytic thinking, java, sql, programming, communication skills, negotiation skills, creativity skills, excel, logical skills, interpersonal skills, presentation skills, c++","b.tech computer science engineering research python, critical thinking, analytic thinking, java, sql, programming, communication skills, negotiation skills, creativity skills, excel, logical skills, interpersonal skills, presentation skills, c++",b.tech computer science engineering,software engineer
be,electronics and communication engineering,technology,no,be electronics and communication engineering technology no,be electronics and communication engineering,electronics and communication engineer
b.com,sales and marketing,sales/marketing,active listening;business knowledge;communication skills;negotiation skills;leadership;product knowledge;problem solving skills;sales;interpersonal skills,b.com sales and marketing sales/marketing active listening;business knowledge;communication skills;negotiation skills;leadership;product knowledge;problem solving skills;sales;interpersonal skills,b.com sales and marketing,marketing executive
b.com,economics,sales/marketing,business knowledge,b.com economics sales/marketing business knowledge,b.com economics,other
b.tech,computer science engineering,software job,no,b.tech computer science engineering software job no,b.tech computer science engineering,software engineer
b.tech,computer science engineering,financial analysis;technology;trading;data analytics,business knowledge;analytical skills;negotiation skills;problem solving skills;data visualization skills( power bi/ tableau );machine learning skills;sql,b.tech computer science engineering financial analysis;technology;trading;data analytics business knowledge;analytical skills;negotiation skills;problem solving skills;data visualization skills( power bi/ tableau );machine learning skills;sql,b.tech computer science engineering,software engineer
be,mechanical engineering,trading,active listening;business knowledge;risk management skills;sales;good communication skills,be mechanical engineering trading active listening;business knowledge;risk management skills;sales;good communication skills,be mechanical engineering,engineer
b.tech,computer science and business system,financial analysis;technology;web designing;web development;social causes,accounting skills;programming language skills;critical thinking;business knowledge;analytical skills;finance related skills;communication skills;problem solving skills;c++;python;sql,b.tech computer science and business system financial analysis;technology;web designing;web development;social causes accounting skills;programming language skills;critical thinking;business knowledge;analytical skills;finance related skills;communication skills;problem solving skills;c++;python;sql,b.tech computer science and business system,software engineer
b.pharmacy,pharmacy,research,"active listening, creativity skills, team work, logical skills","b.pharmacy pharmacy research active listening, creativity skills, team work, logical skills",b.pharmacy pharmacy,pharmacist
b.com,commerce,financial analysis,"accounting skills, cost accounting","b.com commerce financial analysis accounting skills, cost accounting",b.com commerce,accountant
b.sc,interior design,home interior design,programming language skills;people management;mass communication;leadership;designing skills;writing skills;architecture,b.sc interior design home interior design programming language skills;people management;mass communication;leadership;designing skills;writing skills;architecture,b.sc interior design,designer
b.com,commerce,take risk for profits,"business knowledge, product knowledge, team work, sales","b.com commerce take risk for profits business knowledge, product knowledge, team work, sales",b.com commerce,accountant
b.tech,information technology,entrepreneurship,"gathering informing, people management, communication skills, work under pressure, leadership, team work, interpersonal skills, mass communication, observation skills, risk managing","b.tech information technology entrepreneurship gathering informing, people management, communication skills, work under pressure, leadership, team work, interpersonal skills, mass communication, observation skills, risk managing",b.tech information technology,software engineer
b.sc,chemistry,government jobs,sports,b.sc chemistry government jobs sports,b.sc chemistry,chemist
bca,computer applications,technology,"ai, ml, python, java, sql, tableau","bca computer applications technology ai, ml, python, java, sql, tableau",bca computer applications,software developer
be,automobile engineering,"research, take risk for profits, understand human behaviour","critical thinking, analytic thinking, product knowledge, team work, excel, observation skills, risk managing, reporting, reading, designing skills","be automobile engineering research, take risk for profits, understand human behaviour critical thinking, analytic thinking, product knowledge, team work, excel, observation skills, risk managing, reporting, reading, designing skills",be automobile engineering,automobile engineer
b.tech,electrical and electronics engineering,"information technology,blockchain","docker;kubernetes;amazon web services (aws);bash;apache;
new relic apm;jenkins;internet information services (iis);terraform;aks;continuous integration and continuous delivery (ci/cd);amazon ec2","b.tech electrical and electronics engineering information technology,blockchain docker;kubernetes;amazon web services (aws);bash;apache;
new relic apm;jenkins;internet information services (iis);terraform;aks;continuous integration and continuous delivery (ci/cd);amazon ec2",b.tech electrical and electronics engineering,engineer
b.tech,computer science engineering,software job,"full stack, java, python, reactjs","b.tech computer science engineering software job full stack, java, python, reactjs",b.tech computer science engineering,software engineer
be,mechanical engineering,supply chain analysis;data scientist;machine learning;excel,active listening;analytical skills;negotiation skills;product knowledge;problem solving skills;risk management skills;machine learning skills;python,be mechanical engineering supply chain analysis;data scientist;machine learning;excel active listening;analytical skills;negotiation skills;product knowledge;problem solving skills;risk management skills;machine learning skills;python,be mechanical engineering,engineer
b.tech,computer science engineering,software job,"web development (php, codeigniter), java development, graphic desiging, android app development","b.tech computer science engineering software job web development (php, codeigniter), java development, graphic desiging, android app development",b.tech computer science engineering,software engineer
b.tech,mechanical engineering,trading;data analytics;govt. job;data scientist,data visualization skills( power bi/ tableau );python;sql,b.tech mechanical engineering trading;data analytics;govt. job;data scientist data visualization skills( power bi/ tableau );python;sql,b.tech mechanical engineering,mechanical engineer
b.com,commerce,financial analysis,accounting skills;active listening;critical thinking;gathering information;artistic/creative skills;business knowledge;communication skills;social media marketing,b.com commerce financial analysis accounting skills;active listening;critical thinking;gathering information;artistic/creative skills;business knowledge;communication skills;social media marketing,b.com commerce,accountant
b.sc,physics,technology,"accounting skills, active listening, ai, python, critical thinking, programming, product knowledge, creativity skills, team work, excel, logical skills, presentation skills, problem solving skills, observation skills, risk managing, reading","b.sc physics technology accounting skills, active listening, ai, python, critical thinking, programming, product knowledge, creativity skills, team work, excel, logical skills, presentation skills, problem solving skills, observation skills, risk managing, reading",b.sc physics,research scientist
b.tech,mechanical engineering,technology;industires,cad/cae(autocad/catia/ansys/proe/seimensnx),b.tech mechanical engineering technology;industires cad/cae(autocad/catia/ansys/proe/seimensnx),b.tech mechanical engineering,mechanical engineer
m.tech,electronics and communication engineering,research;sales/marketing;teaching;technology;web designing;content writing;data analytics;digital marketing;data scientist;web development;market reserach;social media marketing;gardening;service;design;information technology;machine learning;excel,programming language skills;analytical skills;communication skills;leadership;editing;problem solving skills;designing skills;writing skills;machine learning skills;sales;social media marketing;r;python;artificial intelligence;sql;architecture;matlab;good communication skills;teaching;aws;php;programming language c;javascript,m.tech electronics and communication engineering research;sales/marketing;teaching;technology;web designing;content writing;data analytics;digital marketing;data scientist;web development;market reserach;social media marketing;gardening;service;design;information technology;machine learning;excel programming language skills;analytical skills;communication skills;leadership;editing;problem solving skills;designing skills;writing skills;machine learning skills;sales;social media marketing;r;python;artificial intelligence;sql;architecture;matlab;good communication skills;teaching;aws;php;programming language c;javascript,m.tech electronics and communication engineering,electronics and communication engineer
b.sc,statistics,data analytics,critical thinking;analytical skills;leadership;problem solving skills;machine learning skills;python,b.sc statistics data analytics critical thinking;analytical skills;leadership;problem solving skills;machine learning skills;python,b.sc statistics,data analyst
b.tech,computer science engineering,it field,"python, java, sql, programming, problem solving skills","b.tech computer science engineering it field python, java, sql, programming, problem solving skills",b.tech computer science engineering,software engineer
b.sc,information technalogy,"research, technology","active listening, ai, ml, python, analytic thinking, editing, creativity skills, team work, c++, problem solving skills, mass communication","b.sc information technalogy research, technology active listening, ai, ml, python, analytic thinking, editing, creativity skills, team work, c++, problem solving skills, mass communication",b.sc information technalogy,software engineer
b.com,commerce,blockchain,artistic/creative skills,b.com commerce blockchain artistic/creative skills,b.com commerce,accountant
be,industrial engineering,financial analysis;research;trading;understand human behaviour;understand human body;data analytics;data scientist;gardening,critical thinking;gathering information;business knowledge;analytical skills;finance related skills;people management;civil & criminal law;communication skills;negotiation skills;leadership;product knowledge;problem solving skills;risk management skills;data visualization skills( power bi/ tableau );machine learning skills;interpersonal skills;python;sql,be industrial engineering financial analysis;research;trading;understand human behaviour;understand human body;data analytics;data scientist;gardening critical thinking;gathering information;business knowledge;analytical skills;finance related skills;people management;civil & criminal law;communication skills;negotiation skills;leadership;product knowledge;problem solving skills;risk management skills;data visualization skills( power bi/ tableau );machine learning skills;interpersonal skills;python;sql,be industrial engineering,engineer
b.tech,mechanical engineering,technology;supply chain analysis,business knowledge;negotiation skills;product knowledge;sales,b.tech mechanical engineering technology;supply chain analysis business knowledge;negotiation skills;product knowledge;sales,b.tech mechanical engineering,mechanical engineer
diploma,high pressure die casting,technology,designing skills,diploma high pressure die casting technology designing skills,diploma high pressure die casting,other
b.com,accounting&finance,financial analysis,company law;company secretarial work;due diligence;corporate law;industrial and labour law;company law;corporate social responsibility;public company compliance;statutory compliances;regulatory compliance,b.com accounting&finance financial analysis company law;company secretarial work;due diligence;corporate law;industrial and labour law;company law;corporate social responsibility;public company compliance;statutory compliances;regulatory compliance,b.com accounting&finance,accountant
b.tech,computer science engineering,research;technology;data analytics;design,active listening;programming language skills;communication skills;client management;good communication skills,b.tech computer science engineering research;technology;data analytics;design active listening;programming language skills;communication skills;client management;good communication skills,b.tech computer science engineering,software engineer
b.tech,computer science engineering,teaching;technology;web designing,active listening;programming language skills;gathering information;mass communication;content creation,b.tech computer science engineering teaching;technology;web designing active listening;programming language skills;gathering information;mass communication;content creation,b.tech computer science engineering,software engineer
b.e,information technology,"technology, understand human behaviour, understand human body","analytic thinking, gathering informing, sql, risk managing","b.e information technology technology, understand human behaviour, understand human body analytic thinking, gathering informing, sql, risk managing",b.e information technology,software engineer
b.sc,computer science,technology;data analytics;data scientist;all fields related to data science.,analytical skills;data visualization skills( power bi/ tableau );python;sql,b.sc computer science technology;data analytics;data scientist;all fields related to data science. analytical skills;data visualization skills( power bi/ tableau );python;sql,b.sc computer science,data analyst
b.sc,computer science,digital marketing;market reserach,business knowledge;analytical skills;people management;communication skills;leadership;product knowledge;problem solving skills;risk management skills;designing skills;writing skills;data visualization skills( power bi/ tableau );presentation skills;sql;hospitality;hr;excel,b.sc computer science digital marketing;market reserach business knowledge;analytical skills;people management;communication skills;leadership;product knowledge;problem solving skills;risk management skills;designing skills;writing skills;data visualization skills( power bi/ tableau );presentation skills;sql;hospitality;hr;excel,b.sc computer science,data analyst
b.tech,mathematics,"teaching, technology","analytic thinking, logical skills, c++, writing","b.tech mathematics teaching, technology analytic thinking, logical skills, c++, writing",b.tech mathematics,data analyst
bca,computer applications,technology,active listening;negotiation skills,bca computer applications technology active listening;negotiation skills,bca computer applications,software developer
b.tech,information technology,technology,"java, sql, programming","b.tech information technology technology java, sql, programming",b.tech information technology,software engineer
b.tech,electrical and electronics engineering,software job,stack web development,b.tech electrical and electronics engineering software job stack web development,b.tech electrical and electronics engineering,engineer
be,electrical and electronics engineering,all fields related to data science.;machine learning;sports industry,programming language skills;business knowledge;analytical skills;communication skills;python;sql,be electrical and electronics engineering all fields related to data science.;machine learning;sports industry programming language skills;business knowledge;analytical skills;communication skills;python;sql,be electrical and electronics engineering,engineer
b.tech,computer science engineering,data scientist;machine learning,programming language skills;data visualization skills( power bi/ tableau );machine learning skills;c++;r;linux;python;artificial intelligence;sql;java,b.tech computer science engineering data scientist;machine learning programming language skills;data visualization skills( power bi/ tableau );machine learning skills;c++;r;linux;python;artificial intelligence;sql;java,b.tech computer science engineering,software engineer
b.com,accounting(business and management),financial analysis;research;sales/marketing;digital marketing,critical thinking;business knowledge;communication skills;negotiation skills;artificial intelligence,b.com accounting(business and management) financial analysis;research;sales/marketing;digital marketing critical thinking;business knowledge;communication skills;negotiation skills;artificial intelligence,b.com accounting(business and management),accountant
mba,sales and marketing,sales/marketing,business knowledge;people management;communication skills;product knowledge;sales;social media marketing,mba sales and marketing sales/marketing business knowledge;people management;communication skills;product knowledge;sales;social media marketing,mba sales and marketing,marketing executive
b.tech,civil engineering,"product life cycle management,",agile methodologies;usability testing;c++;microsoft officebentley inroadsproduct requirements;user stories;metrics;product management;product innovation;user experience (ux);research;business development;digital marketing;,"b.tech civil engineering product life cycle management, agile methodologies;usability testing;c++;microsoft officebentley inroadsproduct requirements;user stories;metrics;product management;product innovation;user experience (ux);research;business development;digital marketing;",b.tech civil engineering,civil engineer
b.tech,electrical and electronics engineering,technology,power electronics;simulink;inverters;matlab;plc;variable frequency drives;switchgear;industrial control,b.tech electrical and electronics engineering technology power electronics;simulink;inverters;matlab;plc;variable frequency drives;switchgear;industrial control,b.tech electrical and electronics engineering,engineer
b.sc,computer science,technology;data analytics,programming language skills;people management;communication skills;editing;c++;sql,b.sc computer science technology;data analytics programming language skills;people management;communication skills;editing;c++;sql,b.sc computer science,data analyst
b.tech,computer science engineering,web development,active listening;hardware skills;programming language skills;critical thinking;gathering information,b.tech computer science engineering web development active listening;hardware skills;programming language skills;critical thinking;gathering information,b.tech computer science engineering,software engineer
b.tech,computer science engineering,technology;supply chain analysis,analytical skills;machine learning skills;python;artificial intelligence;sql,b.tech computer science engineering technology;supply chain analysis analytical skills;machine learning skills;python;artificial intelligence;sql,b.tech computer science engineering,software engineer
be,civil engineering,financial analysis;data analytics;home interior design;all fields related to data science.;construction;construction manegement;project management,gathering information;people management;communication skills;problem solving skills;sales;python;javascript;construction management,be civil engineering financial analysis;data analytics;home interior design;all fields related to data science.;construction;construction manegement;project management gathering information;people management;communication skills;problem solving skills;sales;python;javascript;construction management,be civil engineering,engineer
law hons,statistics,understand human behaviour,active listening;people management;civil & criminal law;negotiation skills;machine learning skills,law hons statistics understand human behaviour active listening;people management;civil & criminal law;negotiation skills;machine learning skills,law hons statistics,data analyst
b.tech,criminal manual,"research, sales/marketing, technology, entrepreneurship","analytic thinking, product knowledge, team work, logical skills","b.tech criminal manual research, sales/marketing, technology, entrepreneurship analytic thinking, product knowledge, team work, logical skills",b.tech criminal manual,other
b.tech,mechanical engineering,research;technology;supply chain analysis;govt. job,active listening;hardware skills;critical thinking;gathering information;artistic/creative skills;people management;communication skills;negotiation skills;mass communication;leadership;editing;product knowledge;problem solving skills;risk management skills;writing skills;social media marketing;presentation skills;hospitality;hr;client management,b.tech mechanical engineering research;technology;supply chain analysis;govt. job active listening;hardware skills;critical thinking;gathering information;artistic/creative skills;people management;communication skills;negotiation skills;mass communication;leadership;editing;product knowledge;problem solving skills;risk management skills;writing skills;social media marketing;presentation skills;hospitality;hr;client management,b.tech mechanical engineering,mechanical engineer
b.tech,electrical and electronics engineering,research;teaching;technology;trading,accounting skills;active listening;communication skills;product knowledge;problem solving skills,b.tech electrical and electronics engineering research;teaching;technology;trading accounting skills;active listening;communication skills;product knowledge;problem solving skills,b.tech electrical and electronics engineering,engineer
be,electrical and electronics engineering,research;teaching;technology;trading;understand human behaviour;understand human body;data scientist;market reserach;social media marketing;industires,programming language skills;critical thinking;analytical skills;problem solving skills;python;medical knowledge;matlab;teaching,be electrical and electronics engineering research;teaching;technology;trading;understand human behaviour;understand human body;data scientist;market reserach;social media marketing;industires programming language skills;critical thinking;analytical skills;problem solving skills;python;medical knowledge;matlab;teaching,be electrical and electronics engineering,engineer
b.tech,mechanical engineering,market reserach;sap consultant in mm;project management,business knowledge;analytical skills;finance related skills;problem solving skills;risk management skills;presentation skills,b.tech mechanical engineering market reserach;sap consultant in mm;project management business knowledge;analytical skills;finance related skills;problem solving skills;risk management skills;presentation skills,b.tech mechanical engineering,mechanical engineer
b.tech,electrical and electronics engineering,data analytics,analytical skills;data visualization skills( power bi/ tableau );machine learning skills;social media marketing;r;python;artificial intelligence,b.tech electrical and electronics engineering data analytics analytical skills;data visualization skills( power bi/ tableau );machine learning skills;social media marketing;r;python;artificial intelligence,b.tech electrical and electronics engineering,engineer
b.tech,mechanical engineering,"trading,web designing,content writing,web development,social media marketing",c++;hadoop;java;sql;core java;javascript;pl/sql;informatica,"b.tech mechanical engineering trading,web designing,content writing,web development,social media marketing c++;hadoop;java;sql;core java;javascript;pl/sql;informatica",b.tech mechanical engineering,mechanical engineer
b.com,computer science engineering,financial analysis,accounting skills,b.com computer science engineering financial analysis accounting skills,b.com computer science engineering,software engineer
b.e,accountancy,entrepreneurship,"active listening, python, gathering informing, programming","b.e accountancy entrepreneurship active listening, python, gathering informing, programming",b.e accountancy,accountant
law hons,agriculture,"financial analysis;social causes;information technology;agriculture, services;excel",accounting skills;finance related skills;civil & criminal law;negotiation skills;risk management skills,"law hons agriculture financial analysis;social causes;information technology;agriculture, services;excel accounting skills;finance related skills;civil & criminal law;negotiation skills;risk management skills",law hons agriculture,agricultural officer
b.tech,company law,data analytics,"javascript,python","b.tech company law data analytics javascript,python",b.tech company law,lawyer
b.sc,electrical and electronics engineering,research,subject knowledge,b.sc electrical and electronics engineering research subject knowledge,b.sc electrical and electronics engineering,engineer
b.tech,physics,data analytics,javascript,b.tech physics data analytics javascript,b.tech physics,research scientist
b.tech,computer science engineering,technology,python,b.tech computer science engineering technology python,b.tech computer science engineering,software engineer
b.tech,computer applications,technology;information technology,hardware skills;programming language skills;communication skills;problem solving skills;risk management skills;writing skills;presentation skills;linux;python;java;cloud computing,b.tech computer applications technology;information technology hardware skills;programming language skills;communication skills;problem solving skills;risk management skills;writing skills;presentation skills;linux;python;java;cloud computing,b.tech computer applications,software engineer
b.com,computer science engineering,financial analysis,teamwork;time management;company secretarial work;legal compliance;communication;teamleadership;interpersonal skills;presentations;interpersonal communication;companies act;indirect taxation,b.com computer science engineering financial analysis teamwork;time management;company secretarial work;legal compliance;communication;teamleadership;interpersonal skills;presentations;interpersonal communication;companies act;indirect taxation,b.com computer science engineering,software engineer
b.tech,accounting&finance,teaching;technology;data analytics;govt. job;data scientist;all fields related to data science.;design;machine learning;navy defence related;oil and gas,accounting skills;active listening;critical thinking;analytical skills;people management;communication skills;problem solving skills;python;teaching,b.tech accounting&finance teaching;technology;data analytics;govt. job;data scientist;all fields related to data science.;design;machine learning;navy defence related;oil and gas accounting skills;active listening;critical thinking;analytical skills;people management;communication skills;problem solving skills;python;teaching,b.tech accounting&finance,accountant
bba,electrical machines,financial analysis,financial modeling;financial analysis;,bba electrical machines financial analysis financial modeling;financial analysis;,bba electrical machines,electrical engineer
b.tech,finance,"research,understand human body,biotechnology","microbiology; cell culture ;molecular biology; bioprocess;
katte virus","b.tech finance research,understand human body,biotechnology microbiology; cell culture ;molecular biology; bioprocess;
katte virus",b.tech finance,financial analyst
b.e,biotechnology,data analytics,"analytic thinking, sql, oracle, communication skills, work under pressure, leadership, excel, interpersonal skills, problem solving skills, reporting","b.e biotechnology data analytics analytic thinking, sql, oracle, communication skills, work under pressure, leadership, excel, interpersonal skills, problem solving skills, reporting",b.e biotechnology,other
b.com,automobile engineering,information technology,cloud computing,b.com automobile engineering information technology cloud computing,b.com automobile engineering,automobile engineer
b.com,accountancy,sales/marketing,accounting skills,b.com accountancy sales/marketing accounting skills,b.com accountancy,accountant
b.tech,data structures & algorithm,technology,gathering informing,b.tech data structures & algorithm technology gathering informing,b.tech data structures & algorithm,other
biotechnology,biotechnology,"research, technology, entrepreneurship, understand human body","active listening, critical thinking, analytic thinking, negotiation skills, presentation skills, problem solving skills, writing, observation skills, subject knowledge","biotechnology biotechnology research, technology, entrepreneurship, understand human body active listening, critical thinking, analytic thinking, negotiation skills, presentation skills, problem solving skills, writing, observation skills, subject knowledge",biotechnology biotechnology,other
b.com,commerce,entrepreneurship,"accounting skills, cost accounting, excel, writing","b.com commerce entrepreneurship accounting skills, cost accounting, excel, writing",b.com commerce,accountant
b.com,commerce,take risk for profits,accounting skills,b.com commerce take risk for profits accounting skills,b.com commerce,accountant
b.m.s,managementãš,sales/marketing,"business knowledge, communication skills, negotiation skills, work under pressure, leadership, creativity skills, market study, excel, writing, reading, sales","b.m.s managementãš sales/marketing business knowledge, communication skills, negotiation skills, work under pressure, leadership, creativity skills, market study, excel, writing, reading, sales",b.m.s managementãš,business analyst
b.tech,computer science engineering,machine learning,java backend development; c; c++; problem solving skills; jdbc programming ;object oriented programming; string stringbuffer and stringbuilder in java ;design and prototype in adobe xd ;html; css;javascript for web developers; responsive web design,b.tech computer science engineering machine learning java backend development; c; c++; problem solving skills; jdbc programming ;object oriented programming; string stringbuffer and stringbuilder in java ;design and prototype in adobe xd ;html; css;javascript for web developers; responsive web design,b.tech computer science engineering,software engineer
ballb,law,social justice;social causes,civil & criminal law,ballb law social justice;social causes civil & criminal law,ballb law,lawyer
b.sc,zoology,understand human body;data analytics;data scientist,programming language skills;artistic/creative skills;leadership;problem solving skills;data visualization skills( power bi/ tableau );machine learning skills;social media marketing;r;python,b.sc zoology understand human body;data analytics;data scientist programming language skills;artistic/creative skills;leadership;problem solving skills;data visualization skills( power bi/ tableau );machine learning skills;social media marketing;r;python,b.sc zoology,biologist
b.tech,mechanical engineering,supply chain analysis;content writing;data analytics,accounting skills;active listening;programming language skills;gathering information;wealth management;content creation,b.tech mechanical engineering supply chain analysis;content writing;data analytics accounting skills;active listening;programming language skills;gathering information;wealth management;content creation,b.tech mechanical engineering,mechanical engineer
b.sc,computer science engineering,"understand human behaviour, understand human body","active listening, critical thinking, sql, leadership, editing, creativity skills, team work, excel, logical skills, problem solving skills, designing skills","b.sc computer science engineering understand human behaviour, understand human body active listening, critical thinking, sql, leadership, editing, creativity skills, team work, excel, logical skills, problem solving skills, designing skills",b.sc computer science engineering,software engineer
be,electronics and communication engineering,data analytics,data visualization skills( power bi/ tableau );r;python;sql;matlab,be electronics and communication engineering data analytics data visualization skills( power bi/ tableau );r;python;sql;matlab,be electronics and communication engineering,electronics and communication engineer
law hons,constitution,social justice,civil & criminal law,law hons constitution social justice civil & criminal law,law hons constitution,other
b.tech,civil engineering,construction;construction manegement,"proeficiency in software like staad pro, etabs","b.tech civil engineering construction;construction manegement proeficiency in software like staad pro, etabs",b.tech civil engineering,civil engineer
bca,"principal of programming language with c, ms office management tools, computer organization, mathematics, english.",web designing;data analytics;web development;information technology,active listening;programming language skills;gathering information;artistic/creative skills;communication skills;leadership;problem solving skills;writing skills;programming language c,"bca principal of programming language with c, ms office management tools, computer organization, mathematics, english. web designing;data analytics;web development;information technology active listening;programming language skills;gathering information;artistic/creative skills;communication skills;leadership;problem solving skills;writing skills;programming language c","bca principal of programming language with c, ms office management tools, computer organization, mathematics, english.",software engineer
mca,computer science,research;technology;data analytics;data scientist;web development,active listening;programming language skills;gathering information;c++;java,mca computer science research;technology;data analytics;data scientist;web development active listening;programming language skills;gathering information;c++;java,mca computer science,software developer
b.sc,microbiology,"technology, understand human body","leadership, team work, presentation skills, writing, observation skills, designing skills","b.sc microbiology technology, understand human body leadership, team work, presentation skills, writing, observation skills, designing skills",b.sc microbiology,biologist
b.tech,electrical and electronics engineering,"sales/marketing, take risk for profits, teaching, entrepreneurship","ml, sql, leadership, writing, tableau","b.tech electrical and electronics engineering sales/marketing, take risk for profits, teaching, entrepreneurship ml, sql, leadership, writing, tableau",b.tech electrical and electronics engineering,engineer
b.sc,computer science engineering,technology;data analytics,active listening;programming language skills;communication skills;machine learning skills;python,b.sc computer science engineering technology;data analytics active listening;programming language skills;communication skills;machine learning skills;python,b.sc computer science engineering,software engineer
b.com,taxation,financial analysis;news coverage;social justice;teaching;technology;trading;understand human behaviour,accounting skills;hardware skills;critical thinking;business knowledge;finance related skills;civil & criminal law;communication skills;mass communication;leadership;problem solving skills;risk management skills;data visualization skills( power bi/ tableau );machine learning skills;sales;python;sql,b.com taxation financial analysis;news coverage;social justice;teaching;technology;trading;understand human behaviour accounting skills;hardware skills;critical thinking;business knowledge;finance related skills;civil & criminal law;communication skills;mass communication;leadership;problem solving skills;risk management skills;data visualization skills( power bi/ tableau );machine learning skills;sales;python;sql,b.com taxation,accountant
b.com,taxation,financial analysis;news coverage;social justice;teaching;technology;trading;govt. job;data scientist;social causes,accounting skills;hardware skills;critical thinking;business knowledge;finance related skills;civil & criminal law;communication skills;leadership;problem solving skills;data visualization skills( power bi/ tableau );machine learning skills;python;sql;good communication skills;teaching,b.com taxation financial analysis;news coverage;social justice;teaching;technology;trading;govt. job;data scientist;social causes accounting skills;hardware skills;critical thinking;business knowledge;finance related skills;civil & criminal law;communication skills;leadership;problem solving skills;data visualization skills( power bi/ tableau );machine learning skills;python;sql;good communication skills;teaching,b.com taxation,accountant
b.sc,biotechnology,"research, trading, understand human behaviour","ai, ml, python, critical thinking, analytic thinking, artistic skills, work under pressure, team work, logical skills, presentation skills","b.sc biotechnology research, trading, understand human behaviour ai, ml, python, critical thinking, analytic thinking, artistic skills, work under pressure, team work, logical skills, presentation skills",b.sc biotechnology,biotech researcher
be,business administration,"financial analysis, research, sales/marketing, trading, entrepreneurship","active listening, leadership, market study, team work, mass communication, writing, reading, sales","be business administration financial analysis, research, sales/marketing, trading, entrepreneurship active listening, leadership, market study, team work, mass communication, writing, reading, sales",be business administration,business analyst
b.com,taxation,sales/marketing,sales,b.com taxation sales/marketing sales,b.com taxation,accountant
bba,commerce,financial analysis;news coverage;sales/marketing;social causes;construction;construction manegement,finance related skills;people management;communication skills;leadership;sales;social media marketing,bba commerce financial analysis;news coverage;sales/marketing;social causes;construction;construction manegement finance related skills;people management;communication skills;leadership;sales;social media marketing,bba commerce,accountant
be,mechanical engineering,financial analysis;research;sales/marketing;technology;trading;supply chain analysis;data analytics;data scientist;market reserach;service;all fields related to data science.;industires;design;sap consultant in mm;product life cycle management,active listening;hardware skills;critical thinking;gathering information;artistic/creative skills;business knowledge;people management;communication skills;product knowledge;problem solving skills;risk management skills;aws,be mechanical engineering financial analysis;research;sales/marketing;technology;trading;supply chain analysis;data analytics;data scientist;market reserach;service;all fields related to data science.;industires;design;sap consultant in mm;product life cycle management active listening;hardware skills;critical thinking;gathering information;artistic/creative skills;business knowledge;people management;communication skills;product knowledge;problem solving skills;risk management skills;aws,be mechanical engineering,engineer
b.tech,electronics & telecom.,financial analysis,programming language skills;analytical skills;c++;linux;sql;java;cloud computing,b.tech electronics & telecom. financial analysis programming language skills;analytical skills;c++;linux;sql;java;cloud computing,b.tech electronics & telecom.,other
be,civil engineering,research;all fields related to data science.;design,"analytical skills;python;proeficiency in software like staad pro, etabs;good communication skills;teaching","be civil engineering research;all fields related to data science.;design analytical skills;python;proeficiency in software like staad pro, etabs;good communication skills;teaching",be civil engineering,engineer
diploma,electrical and electronics engineering,industires,active listening,diploma electrical and electronics engineering industires active listening,diploma electrical and electronics engineering,engineer
be,electronics and communication engineering,trading;data analytics;data scientist;all fields related to data science.,active listening;people management;leadership;cloud computing,be electronics and communication engineering trading;data analytics;data scientist;all fields related to data science. active listening;people management;leadership;cloud computing,be electronics and communication engineering,electronics and communication engineer
ba,history,information technology;sports industry;salesforce admin,hardware skills;leadership;designing skills,ba history information technology;sports industry;salesforce admin hardware skills;leadership;designing skills,ba history,teacher
b.tech,computer science engineering,web designing;data scientist,active listening;programming language skills;critical thinking;communication skills;java;cloud computing,b.tech computer science engineering web designing;data scientist active listening;programming language skills;critical thinking;communication skills;java;cloud computing,b.tech computer science engineering,software engineer
be,thermal engineering,teaching;technology;understand human body,active listening;gathering information;analytical skills;leadership;machine learning skills;interpersonal skills;medical knowledge,be thermal engineering teaching;technology;understand human body active listening;gathering information;analytical skills;leadership;machine learning skills;interpersonal skills;medical knowledge,be thermal engineering,engineer
b.tech,electrical and electronics engineering,software developer,"ai, ml, python, analytic thinking, sql, programming, c++","b.tech electrical and electronics engineering software developer ai, ml, python, analytic thinking, sql, programming, c++",b.tech electrical and electronics engineering,engineer
b.tech,civil engineering,teaching;design,gathering information;finance related skills;civil & criminal law,b.tech civil engineering teaching;design gathering information;finance related skills;civil & criminal law,b.tech civil engineering,civil engineer
b.tech,electronics and communication engineering,teaching,"active listening,work under pressure,team work,presentation skills,reading","b.tech electronics and communication engineering teaching active listening,work under pressure,team work,presentation skills,reading",b.tech electronics and communication engineering,electronics and communication engineer
b.tech,computer science engineering,"data scientist,web development,social causes,all fields related to data science,machine learning",bootstrap;node.js;angular;jira;trello;jquery;javascript;ajax;php;codeignitor;loopback;,"b.tech computer science engineering data scientist,web development,social causes,all fields related to data science,machine learning bootstrap;node.js;angular;jira;trello;jquery;javascript;ajax;php;codeignitor;loopback;",b.tech computer science engineering,software engineer
bachelor of management studies,business administration,"sales/marketing, entrepreneurship","business knowledge, people management, communication skills, logical skills, problem solving skills, reading, sales","bachelor of management studies business administration sales/marketing, entrepreneurship business knowledge, people management, communication skills, logical skills, problem solving skills, reading, sales",bachelor of management studies business administration,business analyst
b.sc,math,govt. job,teaching experience,b.sc math govt. job teaching experience,b.sc math,other
b.sc,biotechnology,research;sales/marketing;teaching;trading;understand human behaviour,active listening;critical thinking;business knowledge;people management;communication skills;leadership;problem solving skills;risk management skills;writing skills;hospitality;client management;good communication skills,b.sc biotechnology research;sales/marketing;teaching;trading;understand human behaviour active listening;critical thinking;business knowledge;people management;communication skills;leadership;problem solving skills;risk management skills;writing skills;hospitality;client management;good communication skills,b.sc biotechnology,biotech researcher
diploma in pharmacy,hospitality,hospitality,"accounting skills, business knowledge, editing, excel, designing skills, sales","diploma in pharmacy hospitality hospitality accounting skills, business knowledge, editing, excel, designing skills, sales",diploma in pharmacy hospitality,other
b.sc,physics,news coverage;social justice;content writing;govt. job,accounting skills;critical thinking;gathering information;artistic/creative skills;analytical skills,b.sc physics news coverage;social justice;content writing;govt. job accounting skills;critical thinking;gathering information;artistic/creative skills;analytical skills,b.sc physics,research scientist
b.tech,biotechnology,"research,understand human body,biotechnology",polymerase chain reaction (pcr);molecular biology;life sciences;molecular biology protein purification;protein chemistry;protein assays;protein electrophoresis;protein chromatography;western blotting;protein structure prediction;protein kinases; protein structure ;protein characterization ;protein engineering,"b.tech biotechnology research,understand human body,biotechnology polymerase chain reaction (pcr);molecular biology;life sciences;molecular biology protein purification;protein chemistry;protein assays;protein electrophoresis;protein chromatography;western blotting;protein structure prediction;protein kinases; protein structure ;protein characterization ;protein engineering",b.tech biotechnology,biotech researcher
be,artificial intelligence,data analytics,programming language skills;machine learning skills;python,be artificial intelligence data analytics programming language skills;machine learning skills;python,be artificial intelligence,other
b.sc,information technology,technology,active listening;critical thinking,b.sc information technology technology active listening;critical thinking,b.sc information technology,software engineer
b.sc,mathematics,news coverage,"communication skills, leadership, problem solving skills, subject knowledge","b.sc mathematics news coverage communication skills, leadership, problem solving skills, subject knowledge",b.sc mathematics,data analyst
b.tech,biotechnalogy,"research,understand human body,biotechnology",phytochemistry;metabolomics;protein expression;pcr;molecular biology;life sciences;polymerase chain reaction (pcr);dna;biochemistry;bioinformatics;cell culture;protein purification;chemometrics,"b.tech biotechnalogy research,understand human body,biotechnology phytochemistry;metabolomics;protein expression;pcr;molecular biology;life sciences;polymerase chain reaction (pcr);dna;biochemistry;bioinformatics;cell culture;protein purification;chemometrics",b.tech biotechnalogy,other
b.sc,zoology,teaching,"business knowledge, communication skills, observation skills","b.sc zoology teaching business knowledge, communication skills, observation skills",b.sc zoology,biologist
bachelor of journalism,pr,news coverage;content writing,artistic/creative skills;mass communication,bachelor of journalism pr news coverage;content writing artistic/creative skills;mass communication,bachelor of journalism pr,other
ba,political science,teaching,teaching,ba political science teaching teaching,ba political science,civil services aspirant
b.sc,mathematics,"research, technology","python, java, sql, oracle","b.sc mathematics research, technology python, java, sql, oracle",b.sc mathematics,data analyst
b.tech,information technalogy,all fields related to data science.,leadership;r;python;sql,b.tech information technalogy all fields related to data science. leadership;r;python;sql,b.tech information technalogy,software engineer
b.sc,statistics,software and research,"python, critical thinking, analytic thinking, work under pressure, creativity skills, team work, derivatives, excel, logical skills, interpersonal skills, observation skills","b.sc statistics software and research python, critical thinking, analytic thinking, work under pressure, creativity skills, team work, derivatives, excel, logical skills, interpersonal skills, observation skills",b.sc statistics,data analyst
bba,human resource,financial analysis;sales/marketing;trading;understand human behaviour,active listening;finance related skills;people management;communication skills;negotiation skills;interpersonal skills;hr,bba human resource financial analysis;sales/marketing;trading;understand human behaviour active listening;finance related skills;people management;communication skills;negotiation skills;interpersonal skills;hr,bba human resource,hr executive
b.tech,civil engineering,teaching;technology;trading;home interior design;industires;design,active listening;hardware skills;critical thinking;gathering information;artistic/creative skills;business knowledge,b.tech civil engineering teaching;technology;trading;home interior design;industires;design active listening;hardware skills;critical thinking;gathering information;artistic/creative skills;business knowledge,b.tech civil engineering,civil engineer
b.sc,mathematics,"financial analysis, sales/marketing, teaching","team work, logical skills, writing","b.sc mathematics financial analysis, sales/marketing, teaching team work, logical skills, writing",b.sc mathematics,data analyst
mba,marketing,financial analysis;sales/marketing;technology;understand human behaviour;understand human body;supply chain analysis;game industry,accounting skills;artistic/creative skills;business knowledge;finance related skills;people management;communication skills;negotiation skills;leadership;problem solving skills;risk management skills;sales;client management,mba marketing financial analysis;sales/marketing;technology;understand human behaviour;understand human body;supply chain analysis;game industry accounting skills;artistic/creative skills;business knowledge;finance related skills;people management;communication skills;negotiation skills;leadership;problem solving skills;risk management skills;sales;client management,mba marketing,marketing manager
be,mechanical engineering,technology;supply chain analysis;sap consultant in mm,business knowledge;people management;leadership;problem solving skills;sap,be mechanical engineering technology;supply chain analysis;sap consultant in mm business knowledge;people management;leadership;problem solving skills;sap,be mechanical engineering,engineer
b.tech,electrical and electronics engineering,software job,"python, java","b.tech electrical and electronics engineering software job python, java",b.tech electrical and electronics engineering,engineer
b.tech,mechanical engineering,technology,"excel, interpersonal skills, presentation skills, subject knowledge","b.tech mechanical engineering technology excel, interpersonal skills, presentation skills, subject knowledge",b.tech mechanical engineering,mechanical engineer
b.tech,computer science engineering,web designing;web development;social media marketing;information technology,"programming language skills;communication skills;leadership;problem solving skills;linux;sql;good communication skills;foreign languages french, spanish","b.tech computer science engineering web designing;web development;social media marketing;information technology programming language skills;communication skills;leadership;problem solving skills;linux;sql;good communication skills;foreign languages french, spanish",b.tech computer science engineering,software engineer
b.com,accountancy,financial analysis,accounting skills,b.com accountancy financial analysis accounting skills,b.com accountancy,accountant
b.tech,computer science and engineering,software job,no,b.tech computer science and engineering software job no,b.tech computer science and engineering,software engineer
b.tech,electronics and communication engineering,it,"python, editing, team work, problem solving skills, writing","b.tech electronics and communication engineering it python, editing, team work, problem solving skills, writing",b.tech electronics and communication engineering,electronics and communication engineer
b.tech,electronics and communication engineering,"take risk for profits, technology","python, sql, work under pressure","b.tech electronics and communication engineering take risk for profits, technology python, sql, work under pressure",b.tech electronics and communication engineering,electronics and communication engineer
b.tech,electronics and communication engineering,software job,no,b.tech electronics and communication engineering software job no,b.tech electronics and communication engineering,electronics and communication engineer
b.tech,mechanical engineering,software job,diploma in visual effects,b.tech mechanical engineering software job diploma in visual effects,b.tech mechanical engineering,mechanical engineer
b.tech,civil engineering,technology,"civil & criminal law, communication skills, sales","b.tech civil engineering technology civil & criminal law, communication skills, sales",b.tech civil engineering,civil engineer
b.tech,mechanical engineering,software job,no,b.tech mechanical engineering software job no,b.tech mechanical engineering,mechanical engineer
b.e,automobile engineering,technology,"python, java, sql, oracle, programming, team work, linux, problem solving skills, subject knowledge","b.e automobile engineering technology python, java, sql, oracle, programming, team work, linux, problem solving skills, subject knowledge",b.e automobile engineering,automobile engineer
be,mechanical engineering,govt. job,communication skills,be mechanical engineering govt. job communication skills,be mechanical engineering,engineer
be,mathematics,web development,programming language skills;leadership,be mathematics web development programming language skills;leadership,be mathematics,data analyst
be,mechanical,technology,designing skills,be mechanical technology designing skills,be mechanical,mechanical engineer
bba,business administration,entrepreneurship,"business knowledge, people management, negotiation skills, work under pressure, leadership, creativity skills, logical skills, interpersonal skills, problem solving skills","bba business administration entrepreneurship business knowledge, people management, negotiation skills, work under pressure, leadership, creativity skills, logical skills, interpersonal skills, problem solving skills",bba business administration,business analyst
b.tech,computer science engineering,technology;trading;understand human behaviour;design,critical thinking;artistic/creative skills;leadership;product knowledge;problem solving skills;designing skills,b.tech computer science engineering technology;trading;understand human behaviour;design critical thinking;artistic/creative skills;leadership;product knowledge;problem solving skills;designing skills,b.tech computer science engineering,software engineer
bba,human resources,financial analysis;research;technology;understand human behaviour;data analytics;game industry,accounting skills;business knowledge;people management;communication skills;product knowledge;data visualization skills( power bi/ tableau );sql;hr;good communication skills,bba human resources financial analysis;research;technology;understand human behaviour;data analytics;game industry accounting skills;business knowledge;people management;communication skills;product knowledge;data visualization skills( power bi/ tableau );sql;hr;good communication skills,bba human resources,hr executive
b.sc,computer science engineering,"take risk for profits, teaching, technology","accounting skills, business knowledge, programming, people management, leadership, creativity skills, team work, excel, presentation skills, problem solving skills, reporting","b.sc computer science engineering take risk for profits, teaching, technology accounting skills, business knowledge, programming, people management, leadership, creativity skills, team work, excel, presentation skills, problem solving skills, reporting",b.sc computer science engineering,software engineer
bca,computers science,research;technology;web designing;content writing;digital marketing,active listening;programming language skills;critical thinking;gathering information;artistic/creative skills;communication skills;problem solving skills;designing skills;writing skills;c++;presentation skills;linux;artificial intelligence;sql;content creation;java;cloud computing,bca computers science research;technology;web designing;content writing;digital marketing active listening;programming language skills;critical thinking;gathering information;artistic/creative skills;communication skills;problem solving skills;designing skills;writing skills;c++;presentation skills;linux;artificial intelligence;sql;content creation;java;cloud computing,bca computers science,software engineer
b.sc,statistics,financial analysis;research;sales/marketing;technology;trading;understand human behaviour;understand human body;supply chain analysis;web designing;content writing;data analytics;data scientist;web development;market reserach;social media marketing;gardening;social causes,accounting skills;active listening;programming language skills;critical thinking;gathering information;analytical skills;finance related skills;civil & criminal law;communication skills;problem solving skills;risk management skills;designing skills;data visualization skills( power bi/ tableau );machine learning skills;sales;social media marketing;interpersonal skills;presentation skills;r;python;sql;content creation;java;cloud computing;architecture,b.sc statistics financial analysis;research;sales/marketing;technology;trading;understand human behaviour;understand human body;supply chain analysis;web designing;content writing;data analytics;data scientist;web development;market reserach;social media marketing;gardening;social causes accounting skills;active listening;programming language skills;critical thinking;gathering information;analytical skills;finance related skills;civil & criminal law;communication skills;problem solving skills;risk management skills;designing skills;data visualization skills( power bi/ tableau );machine learning skills;sales;social media marketing;interpersonal skills;presentation skills;r;python;sql;content creation;java;cloud computing;architecture,b.sc statistics,data analyst
bca,mca,technology;web designing;data analytics;data scientist;web development;all fields related to data science.;machine learning,programming language skills;python;sql;java;aws;javascript,bca mca technology;web designing;data analytics;data scientist;web development;all fields related to data science.;machine learning programming language skills;python;sql;java;aws;javascript,bca mca,other
b.tech,mechanical engineering,oil and gas,critical thinking;people management;communication skills;negotiation skills;client management;refinery operations,b.tech mechanical engineering oil and gas critical thinking;people management;communication skills;negotiation skills;client management;refinery operations,b.tech mechanical engineering,mechanical engineer
b.tech,civil engineering,"take risk for profits, trading, understand human behaviour","analytic thinking, people management, creativity skills, excel, reading","b.tech civil engineering take risk for profits, trading, understand human behaviour analytic thinking, people management, creativity skills, excel, reading",b.tech civil engineering,civil engineer
be,mathematics,home interior design,programming language skills;critical thinking;editing,be mathematics home interior design programming language skills;critical thinking;editing,be mathematics,data analyst
bca,computer applications,technology;data analytics,accounting skills;active listening;communication skills;problem solving skills;writing skills;interpersonal skills,bca computer applications technology;data analytics accounting skills;active listening;communication skills;problem solving skills;writing skills;interpersonal skills,bca computer applications,software developer
be,automobile engineering,technology;sports industry,gathering information;people management;communication skills;product knowledge;problem solving skills;java;client management;good communication skills,be automobile engineering technology;sports industry gathering information;people management;communication skills;product knowledge;problem solving skills;java;client management;good communication skills,be automobile engineering,automobile engineer
b.sc,microbiology,research,"protein expression ;protein purification; molecular biology; biochemistry; protein chemistry ;western blotting ;cell culture; cell biology; bioinformatics;
polymerase chain reaction (pcr) ;molecular cloning; microscopy;
chromatography;
enzyme kinetics;
biophysics electron microscopy;
cryo-em;x-ray crystallography;
static light scattering;chromatrography","b.sc microbiology research protein expression ;protein purification; molecular biology; biochemistry; protein chemistry ;western blotting ;cell culture; cell biology; bioinformatics;
polymerase chain reaction (pcr) ;molecular cloning; microscopy;
chromatography;
enzyme kinetics;
biophysics electron microscopy;
cryo-em;x-ray crystallography;
static light scattering;chromatrography",b.sc microbiology,biologist
b.tech,computer science engineering,technology;web designing;data analytics,communication skills;writing skills;c++;python;sql;java,b.tech computer science engineering technology;web designing;data analytics communication skills;writing skills;c++;python;sql;java,b.tech computer science engineering,software engineer
b.tech,computer science,web development,programming language skills;problem solving skills,b.tech computer science web development programming language skills;problem solving skills,b.tech computer science,software engineer
ba,general,understand human behaviour;understand human body;govt. job;industires,active listening;hardware skills;communication skills;negotiation skills,ba general understand human behaviour;understand human body;govt. job;industires active listening;hardware skills;communication skills;negotiation skills,ba general,teacher
b.tech,computer science engineering,web designing,critical thinking;finance related skills;people management;communication skills;leadership;designing skills;social media marketing,b.tech computer science engineering web designing critical thinking;finance related skills;people management;communication skills;leadership;designing skills;social media marketing,b.tech computer science engineering,software engineer
b.tech,civil engineering,industires;sap consultant in mm;construction,"proeficiency in software like staad pro, etabs","b.tech civil engineering industires;sap consultant in mm;construction proeficiency in software like staad pro, etabs",b.tech civil engineering,civil engineer
b.tech,civil engineering,construction;construction manegement;urban planning;project management,"active listening;critical thinking;gathering information;analytical skills;finance related skills;proeficiency in software like staad pro, etabs;good communication skills;sap","b.tech civil engineering construction;construction manegement;urban planning;project management active listening;critical thinking;gathering information;analytical skills;finance related skills;proeficiency in software like staad pro, etabs;good communication skills;sap",b.tech civil engineering,civil engineer
b.sc,physics,social justice,"business knowledge, sales","b.sc physics social justice business knowledge, sales",b.sc physics,research scientist
b.tech,mechanical engineering,technology,"ai, ml, python, sql, negotiation skills, work under pressure, leadership, news gathering, editing, market study, team work, derivatives, excel, tableau, catia , ansys ,solidworks,caesar 2","b.tech mechanical engineering technology ai, ml, python, sql, negotiation skills, work under pressure, leadership, news gathering, editing, market study, team work, derivatives, excel, tableau, catia , ansys ,solidworks,caesar 2",b.tech mechanical engineering,mechanical engineer
b.tech,mechanical engineering,technology,"business knowledge, leadership, market study","b.tech mechanical engineering technology business knowledge, leadership, market study",b.tech mechanical engineering,mechanical engineer
b.sc,physics,social justice,leadership,b.sc physics social justice leadership,b.sc physics,research scientist
mba,business administration,"financial analysis, sales/marketing","accounting skills, business knowledge, product knowledge, sales","mba business administration financial analysis, sales/marketing accounting skills, business knowledge, product knowledge, sales",mba business administration,business manager
b.tech,computer science engineering,technology;data analytics;data scientist,programming language skills;critical thinking;artistic/creative skills;analytical skills;machine learning skills;python;sql;java,b.tech computer science engineering technology;data analytics;data scientist programming language skills;critical thinking;artistic/creative skills;analytical skills;machine learning skills;python;sql;java,b.tech computer science engineering,software engineer
b.tech,communication & political science,technology,"team work, excel, designing skills","b.tech communication & political science technology team work, excel, designing skills",b.tech communication & political science,civil services aspirant
b.sc,zoology,news coverage;understand human behaviour;govt. job,gathering information,b.sc zoology news coverage;understand human behaviour;govt. job gathering information,b.sc zoology,biologist
b.tech,structural analysis,technology;data analytics;data scientist;infrastructure;all fields related to data science.;design,active listening;hardware skills;critical thinking;mass communication;r;python,b.tech structural analysis technology;data analytics;data scientist;infrastructure;all fields related to data science.;design active listening;hardware skills;critical thinking;mass communication;r;python,b.tech structural analysis,other
b.sc,computers,web designing,accounting skills;active listening;programming language skills;problem solving skills;designing skills;r;python;sql;hr;matlab,b.sc computers web designing accounting skills;active listening;programming language skills;problem solving skills;designing skills;r;python;sql;hr;matlab,b.sc computers,software engineer
b.sc,computer science engineering,research;social justice;understand human behaviour;understand human body;govt. job,active listening;programming language skills;gathering information;artistic/creative skills;people management;communication skills;leadership;c++;linux;java;hr,b.sc computer science engineering research;social justice;understand human behaviour;understand human body;govt. job active listening;programming language skills;gathering information;artistic/creative skills;people management;communication skills;leadership;c++;linux;java;hr,b.sc computer science engineering,software engineer
b.com,cost and work accounting,data entry or telecalling work,"team work, excel, writing","b.com cost and work accounting data entry or telecalling work team work, excel, writing",b.com cost and work accounting,accountant
mba,computer science engineering,financial analysis;technology;data analytics,programming language skills;analytical skills;problem solving skills;data visualization skills( power bi/ tableau );machine learning skills;python;sql,mba computer science engineering financial analysis;technology;data analytics programming language skills;analytical skills;problem solving skills;data visualization skills( power bi/ tableau );machine learning skills;python;sql,mba computer science engineering,software engineer
be,electrical and electronics engineering,technology;data analytics,programming language skills;critical thinking;business knowledge;analytical skills;communication skills;data visualization skills( power bi/ tableau );machine learning skills;python;artificial intelligence,be electrical and electronics engineering technology;data analytics programming language skills;critical thinking;business knowledge;analytical skills;communication skills;data visualization skills( power bi/ tableau );machine learning skills;python;artificial intelligence,be electrical and electronics engineering,engineer
ba,english,research;teaching;govt. job;design;sports industry,people management;leadership;designing skills;writing skills;social media marketing,ba english research;teaching;govt. job;design;sports industry people management;leadership;designing skills;writing skills;social media marketing,ba english,content writer
b.tech,electronics and communication engineering,data analytics,no,b.tech electronics and communication engineering data analytics no,b.tech electronics and communication engineering,electronics and communication engineer
b.com,finance,financial analysis,business knowledge,b.com finance financial analysis business knowledge,b.com finance,financial analyst
b.tech,mechanical engineering,technology;data analytics;data scientist,programming language skills;analytical skills;people management;communication skills;leadership;problem solving skills;python;sql;java;teaching,b.tech mechanical engineering technology;data analytics;data scientist programming language skills;analytical skills;people management;communication skills;leadership;problem solving skills;python;sql;java;teaching,b.tech mechanical engineering,mechanical engineer
be,civil engineering,technology,"people management, observation skills, designing skills","be civil engineering technology people management, observation skills, designing skills",be civil engineering,engineer
be,mechanical engineering,research;technology;industires;design;product life cycle management,analytical skills;communication skills;product knowledge;problem solving skills;risk management skills;designing skills;writing skills;presentation skills,be mechanical engineering research;technology;industires;design;product life cycle management analytical skills;communication skills;product knowledge;problem solving skills;risk management skills;designing skills;writing skills;presentation skills,be mechanical engineering,engineer
b.tech,production engineering,financial analysis;technology;supply chain analysis;data analytics;data scientist,designing skills;python,b.tech production engineering financial analysis;technology;supply chain analysis;data analytics;data scientist designing skills;python,b.tech production engineering,engineer
b.tech,transportation engineering,"govt. job;agriculture, services;construction manegement;excel",designing skills;writing skills;cad/cae(autocad/catia/ansys/proe/seimensnx);construction management,"b.tech transportation engineering govt. job;agriculture, services;construction manegement;excel designing skills;writing skills;cad/cae(autocad/catia/ansys/proe/seimensnx);construction management",b.tech transportation engineering,engineer
b.tech,automobile engineering,technology,"work under pressure, leadership, team work, excel, interpersonal skills, presentation skills, problem solving skills, mass communication, writing, risk managing, reporting, reading, designing skills","b.tech automobile engineering technology work under pressure, leadership, team work, excel, interpersonal skills, presentation skills, problem solving skills, mass communication, writing, risk managing, reporting, reading, designing skills",b.tech automobile engineering,automobile engineer
b.tech,computer science engineering,"data scientist,web development,social causes,all fields related to data science.machine learning","c;javascript;data structure;css; jquery ;angular js ;javascript; html5 ;css3;
ssis; ssms; python; react.js ;java enterprise edition","b.tech computer science engineering data scientist,web development,social causes,all fields related to data science.machine learning c;javascript;data structure;css; jquery ;angular js ;javascript; html5 ;css3;
ssis; ssms; python; react.js ;java enterprise edition",b.tech computer science engineering,software engineer
mca,computer application,technology,programming language skills;critical thinking;leadership,mca computer application technology programming language skills;critical thinking;leadership,mca computer application,software engineer
b.tech,computer science engineering,"data scientist,web development,social causes,all fields related to data science,machine learning",css;c++;javascript;mysql;java;sql;cascading style sheets (css);website development;jquery;html5;linux;ajax;software development;xml;cakephp;codeigniter;laravel;symfony;symfony framework;git;angular command line interface (cli);yii2,"b.tech computer science engineering data scientist,web development,social causes,all fields related to data science,machine learning css;c++;javascript;mysql;java;sql;cascading style sheets (css);website development;jquery;html5;linux;ajax;software development;xml;cakephp;codeigniter;laravel;symfony;symfony framework;git;angular command line interface (cli);yii2",b.tech computer science engineering,software engineer
bca,java,information technology,communication skills;writing skills;c++,bca java information technology communication skills;writing skills;c++,bca java,other
b.sc,physics,news coverage;research;sales/marketing;social justice;teaching,gathering information;artistic/creative skills;analytical skills;communication skills,b.sc physics news coverage;research;sales/marketing;social justice;teaching gathering information;artistic/creative skills;analytical skills;communication skills,b.sc physics,research scientist
b.tech,electronics and communication engineering,"research, technology","python, sql","b.tech electronics and communication engineering research, technology python, sql",b.tech electronics and communication engineering,electronics and communication engineer
b.tech,electronics and communication,data analytics;social media marketing,gathering information;artistic/creative skills;business knowledge;analytical skills;problem solving skills;writing skills;presentation skills;good communication skills,b.tech electronics and communication data analytics;social media marketing gathering information;artistic/creative skills;business knowledge;analytical skills;problem solving skills;writing skills;presentation skills;good communication skills,b.tech electronics and communication,electronics and communication engineer
b.tech,civil,construction;construction manegement,"proeficiency in software like staad pro, etabs","b.tech civil construction;construction manegement proeficiency in software like staad pro, etabs",b.tech civil,civil engineer
b.tech,mechanical engineering,data science and artificial intelligence,"ml, python, analytic thinking, business knowledge, leadership, team work, excel, r, problem solving skills, data science completed by using python and r","b.tech mechanical engineering data science and artificial intelligence ml, python, analytic thinking, business knowledge, leadership, team work, excel, r, problem solving skills, data science completed by using python and r",b.tech mechanical engineering,mechanical engineer
b.tech,b.e complete,sales/marketing;understand human body;web designing;govt. job;gardening;design,active listening;programming language skills;gathering information;artistic/creative skills;business knowledge;people management;communication skills;negotiation skills;leadership;problem solving skills;risk management skills;designing skills;writing skills;interpersonal skills;c++;presentation skills;programming language c,b.tech b.e complete sales/marketing;understand human body;web designing;govt. job;gardening;design active listening;programming language skills;gathering information;artistic/creative skills;business knowledge;people management;communication skills;negotiation skills;leadership;problem solving skills;risk management skills;designing skills;writing skills;interpersonal skills;c++;presentation skills;programming language c,b.tech b.e complete,other
be,electronics and communication engineering,technology;data analytics;data scientist;all fields related to data science.,programming language skills;machine learning skills;linux;python;artificial intelligence;sql,be electronics and communication engineering technology;data analytics;data scientist;all fields related to data science. programming language skills;machine learning skills;linux;python;artificial intelligence;sql,be electronics and communication engineering,electronics and communication engineer
b.tech,engineering,"news coverage, technology","critical thinking, analytic thinking, gathering informing, negotiation skills, work under pressure, team work, excel, logical skills, problem solving skills","b.tech engineering news coverage, technology critical thinking, analytic thinking, gathering informing, negotiation skills, work under pressure, team work, excel, logical skills, problem solving skills",b.tech engineering,engineer
be,computer science engineering,technology;content writing;web development,programming language skills;business knowledge;communication skills;problem solving skills,be computer science engineering technology;content writing;web development programming language skills;business knowledge;communication skills;problem solving skills,be computer science engineering,software engineer
b.tech,mechanical engineering,web designing,communication skills;leadership;problem solving skills;java,b.tech mechanical engineering web designing communication skills;leadership;problem solving skills;java,b.tech mechanical engineering,mechanical engineer
be,mechanical engineering,technology;data scientist;web development,programming language skills;communication skills;sql;java,be mechanical engineering technology;data scientist;web development programming language skills;communication skills;sql;java,be mechanical engineering,engineer
b.tech,history,trading,"java, programming","b.tech history trading java, programming",b.tech history,teacher
b.tech,computer science engineering,technology;trading;data scientist,programming language skills;critical thinking;gathering information;analytical skills;communication skills;problem solving skills;sql,b.tech computer science engineering technology;trading;data scientist programming language skills;critical thinking;gathering information;analytical skills;communication skills;problem solving skills;sql,b.tech computer science engineering,software engineer
b.tech,electronics and communication engineering,technology,programming language skills;critical thinking;communication skills;problem solving skills;risk management skills;c++;presentation skills;linux;cloud computing,b.tech electronics and communication engineering technology programming language skills;critical thinking;communication skills;problem solving skills;risk management skills;c++;presentation skills;linux;cloud computing,b.tech electronics and communication engineering,electronics and communication engineer
bba,physics,teaching,civil & criminal law,bba physics teaching civil & criminal law,bba physics,research scientist
be,automobile engineering,research;teaching;technology;understand human behaviour;understand human body;data analytics;game industry;data scientist,active listening;critical thinking;gathering information;artistic/creative skills;business knowledge;analytical skills;people management;communication skills;negotiation skills;leadership;problem solving skills;data visualization skills( power bi/ tableau );machine learning skills;presentation skills;python,be automobile engineering research;teaching;technology;understand human behaviour;understand human body;data analytics;game industry;data scientist active listening;critical thinking;gathering information;artistic/creative skills;business knowledge;analytical skills;people management;communication skills;negotiation skills;leadership;problem solving skills;data visualization skills( power bi/ tableau );machine learning skills;presentation skills;python,be automobile engineering,automobile engineer
b.sc,computer science,technology;web designing;data analytics;digital marketing;data scientist;web development;social media marketing,active listening;critical thinking;artistic/creative skills;analytical skills;communication skills;linux;python;sql,b.sc computer science technology;web designing;data analytics;digital marketing;data scientist;web development;social media marketing active listening;critical thinking;artistic/creative skills;analytical skills;communication skills;linux;python;sql,b.sc computer science,data analyst
b.com,accounts,financial analysis;understand human behaviour;content writing;data analytics;data scientist,accounting skills;active listening;critical thinking;gathering information;business knowledge;analytical skills;finance related skills;problem solving skills;data visualization skills( power bi/ tableau );machine learning skills;presentation skills;python;sql;good communication skills,b.com accounts financial analysis;understand human behaviour;content writing;data analytics;data scientist accounting skills;active listening;critical thinking;gathering information;business knowledge;analytical skills;finance related skills;problem solving skills;data visualization skills( power bi/ tableau );machine learning skills;presentation skills;python;sql;good communication skills,b.com accounts,accountant
b.e,automobile engineering,technology,"java, sql, programming, communication skills, team work, presentation skills","b.e automobile engineering technology java, sql, programming, communication skills, team work, presentation skills",b.e automobile engineering,automobile engineer
b.e,information technology,"research, social justice, understand human body","writing, reading","b.e information technology research, social justice, understand human body writing, reading",b.e information technology,software engineer
b.tech,electrical and electronics engineering,"financial analysis, technology, entrepreneurship","ml, python, business knowledge, java, linux, aws","b.tech electrical and electronics engineering financial analysis, technology, entrepreneurship ml, python, business knowledge, java, linux, aws",b.tech electrical and electronics engineering,engineer
b.tech,computer science engineering,mobile app development,php;programming language c;javascript,b.tech computer science engineering mobile app development php;programming language c;javascript,b.tech computer science engineering,software engineer
b.sc,zbc,govt. job,artistic/creative skills;leadership;content creation,b.sc zbc govt. job artistic/creative skills;leadership;content creation,b.sc zbc,other
ba,english,information technology,programming language skills,ba english information technology programming language skills,ba english,content writer
bca,computer applications,teaching;technology;web designing;content writing,active listening;programming language skills;gathering information;communication skills;leadership;problem solving skills;risk management skills;writing skills;data visualization skills( power bi/ tableau );c++;sql;content creation;medical knowledge;java;cloud computing,bca computer applications teaching;technology;web designing;content writing active listening;programming language skills;gathering information;communication skills;leadership;problem solving skills;risk management skills;writing skills;data visualization skills( power bi/ tableau );c++;sql;content creation;medical knowledge;java;cloud computing,bca computer applications,software developer
b.pharmacy,zoology,understand human body,excel,b.pharmacy zoology understand human body excel,b.pharmacy zoology,biologist
be,mechanical,service,accounting skills;active listening;hardware skills;sales;social media marketing;hr,be mechanical service accounting skills;active listening;hardware skills;sales;social media marketing;hr,be mechanical,mechanical engineer
be,mechanical engineering,technology,critical thinking;communication skills;sap,be mechanical engineering technology critical thinking;communication skills;sap,be mechanical engineering,engineer
b.com,costing,financial analysis,accounting skills;finance related skills,b.com costing financial analysis accounting skills;finance related skills,b.com costing,other
be,automobile engineering,"sales/marketing, entrepreneurship","python, people management, communication skills, work under pressure, leadership, creativity skills, team work","be automobile engineering sales/marketing, entrepreneurship python, people management, communication skills, work under pressure, leadership, creativity skills, team work",be automobile engineering,automobile engineer
b.com,commerce,home interior design,artistic/creative skills,b.com commerce home interior design artistic/creative skills,b.com commerce,accountant
be,automobile engineering,industires;machine learning;automotive textile machineryâ€™s,technical machine fitter,be automobile engineering industires;machine learning;automotive textile machineryâ€™s technical machine fitter,be automobile engineering,automobile engineer
be,electrical and electronics engineering,govt. job,python,be electrical and electronics engineering govt. job python,be electrical and electronics engineering,engineer
b.tech,electronics & telecommunications,"all fields related to data science,machine learning",c#;.net framework;python ;c ;transact-sql (t-sql),"b.tech electronics & telecommunications all fields related to data science,machine learning c#;.net framework;python ;c ;transact-sql (t-sql)",b.tech electronics & telecommunications,telecom engineer
b.tech,electrical and electronics engineering,data analytics,no,b.tech electrical and electronics engineering data analytics no,b.tech electrical and electronics engineering,engineer
b.com,commerce,financial analysis,"accounting skills, critical thinking, analytic thinking, business knowledge, work under pressure, leadership, product knowledge, creativity skills, team work, excel, logical skills, interpersonal skills, presentation skills, problem solving skills, risk managing, reporting","b.com commerce financial analysis accounting skills, critical thinking, analytic thinking, business knowledge, work under pressure, leadership, product knowledge, creativity skills, team work, excel, logical skills, interpersonal skills, presentation skills, problem solving skills, risk managing, reporting",b.com commerce,accountant
b.tech,programming,"technology,trading","active listening, programming, work under pressure, teamwork,excel,logical skills interpersonal skills, presentation skills, reading","b.tech programming technology,trading active listening, programming, work under pressure, teamwork,excel,logical skills interpersonal skills, presentation skills, reading",b.tech programming,other
bba,civil engineering,financial analysis;sales/marketing;data analytics,accounting skills;communication skills;negotiation skills;editing;wealth management;presentation skills,bba civil engineering financial analysis;sales/marketing;data analytics accounting skills;communication skills;negotiation skills;editing;wealth management;presentation skills,bba civil engineering,engineer
b.tech,finance,technology,"ml, python, sql","b.tech finance technology ml, python, sql",b.tech finance,financial analyst
b.e,computer science engineering,"take risk for profits, technology, trading, entrepreneurship","active listening, analytic thinking, business knowledge, work under pressure, team work, presentation skills, writing, observation skills, risk managing, reading, subject knowledge","b.e computer science engineering take risk for profits, technology, trading, entrepreneurship active listening, analytic thinking, business knowledge, work under pressure, team work, presentation skills, writing, observation skills, risk managing, reading, subject knowledge",b.e computer science engineering,software engineer
b.tech,automobile engineering,data analytics;data scientist;all fields related to data science.,data visualization skills( power bi/ tableau );python;artificial intelligence;sql,b.tech automobile engineering data analytics;data scientist;all fields related to data science. data visualization skills( power bi/ tableau );python;artificial intelligence;sql,b.tech automobile engineering,automobile engineer
bca,information technology,data scientist,programming language skills;analytical skills;communication skills;problem solving skills;data visualization skills( power bi/ tableau );python;sql;good communication skills,bca information technology data scientist programming language skills;analytical skills;communication skills;problem solving skills;data visualization skills( power bi/ tableau );python;sql;good communication skills,bca information technology,software engineer
b.tech,computer applications,digital marketing;data scientist;social media marketing,programming language skills;people management;designing skills;social media marketing;interpersonal skills;good communication skills,b.tech computer applications digital marketing;data scientist;social media marketing programming language skills;people management;designing skills;social media marketing;interpersonal skills;good communication skills,b.tech computer applications,software engineer
b.sc,statistics,data analytics,analytical skills;data visualization skills( power bi/ tableau );machine learning skills;python;sql,b.sc statistics data analytics analytical skills;data visualization skills( power bi/ tableau );machine learning skills;python;sql,b.sc statistics,data analyst
b.tech,computer science,technology;data analytics;data scientist;all fields related to data science.,critical thinking;communication skills;negotiation skills;python;good communication skills,b.tech computer science technology;data analytics;data scientist;all fields related to data science. critical thinking;communication skills;negotiation skills;python;good communication skills,b.tech computer science,software engineer
bca,biotechnalogy,sales/marketing;trading;retailer;market reserach;construction manegement;excel,business knowledge;product knowledge;problem solving skills;risk management skills;sales;client management,bca biotechnalogy sales/marketing;trading;retailer;market reserach;construction manegement;excel business knowledge;product knowledge;problem solving skills;risk management skills;sales;client management,bca biotechnalogy,other
b.tech,"computer ( languages like  .. c, c++ ,  java,  c# )",cloud computing,java enterprise edition;hibernate;zuul api gateway;spring cloud;apache zookeeper;amazon ec2;zoho;oracle crm;spring boot;spring mvc;docker;apache drill;angular,"b.tech computer ( languages like  .. c, c++ ,  java,  c# ) cloud computing java enterprise edition;hibernate;zuul api gateway;spring cloud;apache zookeeper;amazon ec2;zoho;oracle crm;spring boot;spring mvc;docker;apache drill;angular","b.tech computer ( languages like  .. c, c++ ,  java,  c# )",software engineer
b.com,computer science engineering,financial analysis,"accounting skills, business knowledge, negotiation skills, work under pressure, interpersonal skills","b.com computer science engineering financial analysis accounting skills, business knowledge, negotiation skills, work under pressure, interpersonal skills",b.com computer science engineering,software engineer
b.tech,commerce,technology,"python, java","b.tech commerce technology python, java",b.tech commerce,accountant
doctor,electronics and communication engineering,understand human body,writing skills;medical knowledge,doctor electronics and communication engineering understand human body writing skills;medical knowledge,doctor electronics and communication engineering,electronics and communication engineer
b.tech,dental surgeon,hardware,altium designer;printed circuit board (pcb) design;ni labview; digital electronics semiconductors;arduino;xilinx vivado;verilog;kicad;ni multisim;eagle pcb;electronic circuit design;altium circuitmaker;internet of things (iot);electronics hardware design;orcad capture cis;orcad,b.tech dental surgeon hardware altium designer;printed circuit board (pcb) design;ni labview; digital electronics semiconductors;arduino;xilinx vivado;verilog;kicad;ni multisim;eagle pcb;electronic circuit design;altium circuitmaker;internet of things (iot);electronics hardware design;orcad capture cis;orcad,b.tech dental surgeon,other
b.sc,electronics and communication engineering,understand human body;govt. job,medical knowledge;hospitality,b.sc electronics and communication engineering understand human body;govt. job medical knowledge;hospitality,b.sc electronics and communication engineering,electronics and communication engineer
b.tech,biology,technology;data analytics;data scientist,programming language skills;critical thinking;gathering information;business knowledge;analytical skills;product knowledge;problem solving skills;data visualization skills( power bi/ tableau );machine learning skills;sql,b.tech biology technology;data analytics;data scientist programming language skills;critical thinking;gathering information;business knowledge;analytical skills;product knowledge;problem solving skills;data visualization skills( power bi/ tableau );machine learning skills;sql,b.tech biology,biologist
ba,electronics and communication engineering,understand human behaviour;social causes,hr;good communication skills,ba electronics and communication engineering understand human behaviour;social causes hr;good communication skills,ba electronics and communication engineering,electronics and communication engineer
be,irpm,research,accounting skills;active listening;hardware skills;critical thinking;people management;communication skills;leadership;designing skills;writing skills,be irpm research accounting skills;active listening;hardware skills;critical thinking;people management;communication skills;leadership;designing skills;writing skills,be irpm,other
be,mathematics,production supervisor,people management;leadership;problem solving skills,be mathematics production supervisor people management;leadership;problem solving skills,be mathematics,data analyst
b.tech,mechanical engineering,technology;trading;data analytics;data scientist,programming language skills;analytical skills;c++;python;sql;java,b.tech mechanical engineering technology;trading;data analytics;data scientist programming language skills;analytical skills;c++;python;sql;java,b.tech mechanical engineering,mechanical engineer
b.tech,computer science engineering,"financial analysis, research, technology, understand human behaviour, understand human body","ai, ml, critical thinking, analytic thinking, civil & criminal law, work under pressure, leadership, problem solving skills","b.tech computer science engineering financial analysis, research, technology, understand human behaviour, understand human body ai, ml, critical thinking, analytic thinking, civil & criminal law, work under pressure, leadership, problem solving skills",b.tech computer science engineering,software engineer
b.sc,computer science engineering,technology,"python, programming, communication skills, leadership, c++, writing, observation skills","b.sc computer science engineering technology python, programming, communication skills, leadership, c++, writing, observation skills",b.sc computer science engineering,software engineer
b.tech,computer science engineering,cyber secuirty,ibm qradar;owasp;ethical hacking;threat & vulnerability management;splunk;vulnerability scanning;malware analysis;tenable nessus;epolicy orchestrator;metasploit;burp suite;security information and event management (siem);,b.tech computer science engineering cyber secuirty ibm qradar;owasp;ethical hacking;threat & vulnerability management;splunk;vulnerability scanning;malware analysis;tenable nessus;epolicy orchestrator;metasploit;burp suite;security information and event management (siem);,b.tech computer science engineering,software engineer
b.a.f,electronics & telecommunications,financial analysis,"accounting skills, active listening, cost accounting, market study, excel, logical skills, problem solving skills, writing, sales, building rapport","b.a.f electronics & telecommunications financial analysis accounting skills, active listening, cost accounting, market study, excel, logical skills, problem solving skills, writing, sales, building rapport",b.a.f electronics & telecommunications,telecom engineer
b.tech,accountancy,sales/marketing;digital marketing,active listening;critical thinking;business knowledge;content creation,b.tech accountancy sales/marketing;digital marketing active listening;critical thinking;business knowledge;content creation,b.tech accountancy,accountant
b.tech,mechanical engineering,data analytics;data scientist,programming language skills;critical thinking;analytical skills;communication skills;leadership;problem solving skills;data visualization skills( power bi/ tableau );machine learning skills;r;python;artificial intelligence,b.tech mechanical engineering data analytics;data scientist programming language skills;critical thinking;analytical skills;communication skills;leadership;problem solving skills;data visualization skills( power bi/ tableau );machine learning skills;r;python;artificial intelligence,b.tech mechanical engineering,mechanical engineer
b.tech,electronics and communication engineering,news coverage;technology,gathering information;business knowledge;analytical skills;people management;civil & criminal law;communication skills;negotiation skills;mass communication;leadership,b.tech electronics and communication engineering news coverage;technology gathering information;business knowledge;analytical skills;people management;civil & criminal law;communication skills;negotiation skills;mass communication;leadership,b.tech electronics and communication engineering,electronics and communication engineer
m.a,mathematics,teaching,"critical thinking, artistic skills, communication skills, editing, interpersonal skills, reporting, reading, subject knowledge","m.a mathematics teaching critical thinking, artistic skills, communication skills, editing, interpersonal skills, reporting, reading, subject knowledge",m.a mathematics,data analyst
b.com,psychology,trading,team work,b.com psychology trading team work,b.com psychology,psychologist
bba,accountancy,"news coverage, social justice","python, gathering informing, business knowledge","bba accountancy news coverage, social justice python, gathering informing, business knowledge",bba accountancy,accountant
b.tech,communication & political science,data analytics,no,b.tech communication & political science data analytics no,b.tech communication & political science,civil services aspirant
b.tech,computer science engineering,research,"editing, writing, observation skills, reading","b.tech computer science engineering research editing, writing, observation skills, reading",b.tech computer science engineering,software engineer
b.tech,history,research,"editing, writing, observation skills, reading","b.tech history research editing, writing, observation skills, reading",b.tech history,teacher
b.tech,history,software job,no,b.tech history software job no,b.tech history,teacher
b.sc,electrical and electronics engineering,"teaching, entrepreneurship","active listening, communication skills, leadership, creativity skills, presentation skills, problem solving skills, writing, tableau, reading, subject knowledge","b.sc electrical and electronics engineering teaching, entrepreneurship active listening, communication skills, leadership, creativity skills, presentation skills, problem solving skills, writing, tableau, reading, subject knowledge",b.sc electrical and electronics engineering,engineer
b.sc,computer science engineering,research;game industry;data scientist,programming language skills;business knowledge;analytical skills;communication skills;leadership;problem solving skills;data visualization skills( power bi/ tableau );machine learning skills;r;python;artificial intelligence;good communication skills,b.sc computer science engineering research;game industry;data scientist programming language skills;business knowledge;analytical skills;communication skills;leadership;problem solving skills;data visualization skills( power bi/ tableau );machine learning skills;r;python;artificial intelligence;good communication skills,b.sc computer science engineering,software engineer
be,statistics,teaching;web designing;data analytics;govt. job;data scientist;all fields related to data science.;sap consultant in mm;information technology;machine learning;automotive textile machineryâ€™s,active listening;hardware skills;programming language skills;critical thinking;gathering information;artistic/creative skills;business knowledge;communication skills;negotiation skills;leadership;problem solving skills;risk management skills;designing skills;writing skills;machine learning skills;wealth management;presentation skills;sap,be statistics teaching;web designing;data analytics;govt. job;data scientist;all fields related to data science.;sap consultant in mm;information technology;machine learning;automotive textile machineryâ€™s active listening;hardware skills;programming language skills;critical thinking;gathering information;artistic/creative skills;business knowledge;communication skills;negotiation skills;leadership;problem solving skills;risk management skills;designing skills;writing skills;machine learning skills;wealth management;presentation skills;sap,be statistics,data analyst
b.sc,mathematics,govt. job,accounting skills;programming language skills;editing;writing skills;python;hr;good communication skills,b.sc mathematics govt. job accounting skills;programming language skills;editing;writing skills;python;hr;good communication skills,b.sc mathematics,data analyst
bca,mathematics,information technology,sql;java;javascript,bca mathematics information technology sql;java;javascript,bca mathematics,data analyst
b.tech,computer applications,research;data analytics;data scientist,active listening;designing skills;python,b.tech computer applications research;data analytics;data scientist active listening;designing skills;python,b.tech computer applications,software engineer
be,mechanical engineering,news coverage;research;social justice;technology;trading;understand human behaviour;supply chain analysis;data analytics;digital marketing;data scientist;market reserach;social media marketing,data visualization skills( power bi/ tableau );python;sql;client management;good communication skills,be mechanical engineering news coverage;research;social justice;technology;trading;understand human behaviour;supply chain analysis;data analytics;digital marketing;data scientist;market reserach;social media marketing data visualization skills( power bi/ tableau );python;sql;client management;good communication skills,be mechanical engineering,engineer
be,mechanical engineering,sales/marketing;technology;supply chain analysis;govt. job;market reserach;infrastructure;design,accounting skills;finance related skills;people management;civil & criminal law,be mechanical engineering sales/marketing;technology;supply chain analysis;govt. job;market reserach;infrastructure;design accounting skills;finance related skills;people management;civil & criminal law,be mechanical engineering,engineer
b.tech,mechanical engineering,financial analysis,business analytics;risk analytics;sas;marketing management;market research;business strategy;commercialbanking;portfolio management;supply chain management;business process reengineering;consumer behaviour;long-term customer relationships;retail marketing;financial accounting;credit risk modeling;security analysis;working capital management;trategic marketing;investment banking;structured finance,b.tech mechanical engineering financial analysis business analytics;risk analytics;sas;marketing management;market research;business strategy;commercialbanking;portfolio management;supply chain management;business process reengineering;consumer behaviour;long-term customer relationships;retail marketing;financial accounting;credit risk modeling;security analysis;working capital management;trategic marketing;investment banking;structured finance,b.tech mechanical engineering,mechanical engineer
bba,computer science engineering,"financial analysis;sales/marketing;trading;supply chain analysis;data analytics;industires;blockchain;salesforce admin;agriculture, services;excel",accounting skills;hardware skills;critical thinking;analytical skills;finance related skills;people management;product knowledge,"bba computer science engineering financial analysis;sales/marketing;trading;supply chain analysis;data analytics;industires;blockchain;salesforce admin;agriculture, services;excel accounting skills;hardware skills;critical thinking;analytical skills;finance related skills;people management;product knowledge",bba computer science engineering,software engineer
b.tech,computer software engineer,technology,"critical thinking, analytic thinking, business knowledge, sql, programming, communication skills, work under pressure, editing, team work, excel, logical skills, interpersonal skills, presentation skills, tableau, building rapport","b.tech computer software engineer technology critical thinking, analytic thinking, business knowledge, sql, programming, communication skills, work under pressure, editing, team work, excel, logical skills, interpersonal skills, presentation skills, tableau, building rapport",b.tech computer software engineer,software engineer
b.com,mechanical engineering,financial analysis;news coverage;digital marketing,accounting skills;active listening;business knowledge;leadership;hr,b.com mechanical engineering financial analysis;news coverage;digital marketing accounting skills;active listening;business knowledge;leadership;hr,b.com mechanical engineering,engineer
ba,finance,content writing,artistic/creative skills;communication skills;mass communication;writing skills;content creation,ba finance content writing artistic/creative skills;communication skills;mass communication;writing skills;content creation,ba finance,financial analyst
bachelor of journalism,arts,news coverage;understand human behaviour;content writing;govt. job;social causes,critical thinking;gathering information;artistic/creative skills;communication skills;mass communication;editing;writing skills;content creation,bachelor of journalism arts news coverage;understand human behaviour;content writing;govt. job;social causes critical thinking;gathering information;artistic/creative skills;communication skills;mass communication;editing;writing skills;content creation,bachelor of journalism arts,other
master of journalism,journalism,news coverage;digital marketing,active listening;people management;communication skills;leadership;editing;social media marketing,master of journalism journalism news coverage;digital marketing active listening;people management;communication skills;leadership;editing;social media marketing,master of journalism journalism,journalist
b.com,arts,understand human behaviour,active listening;business knowledge;communication skills;product knowledge,b.com arts understand human behaviour active listening;business knowledge;communication skills;product knowledge,b.com arts,other
m.sc,accounts,technology,python,m.sc accounts technology python,m.sc accounts,accountant
b.tech,statistics,technology,"ai, ml, python, java","b.tech statistics technology ai, ml, python, java",b.tech statistics,data analyst
diploma,electronics and communication engineering,social media marketing;design,designing skills;machine learning skills;social media marketing,diploma electronics and communication engineering social media marketing;design designing skills;machine learning skills;social media marketing,diploma electronics and communication engineering,electronics and communication engineer
b.tech,mechanical engineering,research;technology;data analytics;data scientist,active listening;programming language skills;critical thinking;gathering information;artistic/creative skills;analytical skills;communication skills;problem solving skills;writing skills;data visualization skills( power bi/ tableau );machine learning skills;interpersonal skills;c++;python;sql;good communication skills,b.tech mechanical engineering research;technology;data analytics;data scientist active listening;programming language skills;critical thinking;gathering information;artistic/creative skills;analytical skills;communication skills;problem solving skills;writing skills;data visualization skills( power bi/ tableau );machine learning skills;interpersonal skills;c++;python;sql;good communication skills,b.tech mechanical engineering,mechanical engineer
be,mechanical engineering,sales/marketing;technology;product life cycle management,people management;leadership,be mechanical engineering sales/marketing;technology;product life cycle management people management;leadership,be mechanical engineering,engineer
be,mechanical engineering,supply chain analysis;product life cycle management,leadership;product knowledge;sales,be mechanical engineering supply chain analysis;product life cycle management leadership;product knowledge;sales,be mechanical engineering,engineer
b.sc,mechanical engineering,service,accounting skills;active listening;hardware skills;leadership;problem solving skills;good communication skills,b.sc mechanical engineering service accounting skills;active listening;hardware skills;leadership;problem solving skills;good communication skills,b.sc mechanical engineering,engineer
b.tech,chemistry,construction,civil & criminal law,b.tech chemistry construction civil & criminal law,b.tech chemistry,chemist
b.sc,civil engineering,data analytics,leadership;machine learning skills;python;sql;matlab,b.sc civil engineering data analytics leadership;machine learning skills;python;sql;matlab,b.sc civil engineering,engineer
mca,computer science engineering,technology;data analytics;all fields related to data science.,active listening;programming language skills;critical thinking;gathering information;artistic/creative skills;analytical skills;finance related skills;people management;communication skills;negotiation skills;editing;problem solving skills;risk management skills;python;sql;java;good communication skills,mca computer science engineering technology;data analytics;all fields related to data science. active listening;programming language skills;critical thinking;gathering information;artistic/creative skills;analytical skills;finance related skills;people management;communication skills;negotiation skills;editing;problem solving skills;risk management skills;python;sql;java;good communication skills,mca computer science engineering,software engineer
b.tech,computers,news coverage;research;technology;trading;understand human behaviour;understand human body,accounting skills;active listening;gathering information;analytical skills;negotiation skills;mass communication,b.tech computers news coverage;research;technology;trading;understand human behaviour;understand human body accounting skills;active listening;gathering information;analytical skills;negotiation skills;mass communication,b.tech computers,software engineer
b.com,mechanical engineering,financial analysis;research;teaching;understand human behaviour;web designing;data analytics,accounting skills;gathering information;artistic/creative skills;editing;linux,b.com mechanical engineering financial analysis;research;teaching;understand human behaviour;web designing;data analytics accounting skills;gathering information;artistic/creative skills;editing;linux,b.com mechanical engineering,engineer
b.tech,accountancy,data analytics;data scientist;machine learning;excel,critical thinking;gathering information;analytical skills;people management;communication skills;negotiation skills;problem solving skills;risk management skills;writing skills;data visualization skills( power bi/ tableau );interpersonal skills;c++;presentation skills;r;python;sql;client management;good communication skills;teaching;cad/cae(autocad/catia/ansys/proe/seimensnx);programming language c,b.tech accountancy data analytics;data scientist;machine learning;excel critical thinking;gathering information;analytical skills;people management;communication skills;negotiation skills;problem solving skills;risk management skills;writing skills;data visualization skills( power bi/ tableau );interpersonal skills;c++;presentation skills;r;python;sql;client management;good communication skills;teaching;cad/cae(autocad/catia/ansys/proe/seimensnx);programming language c,b.tech accountancy,accountant
be,mechanical engineering,teaching;technology,analytical skills;leadership;social media marketing,be mechanical engineering teaching;technology analytical skills;leadership;social media marketing,be mechanical engineering,engineer
b.e,mechanical engineering,"financial analysis, take risk for profits, trading, understand human behaviour, understand human body","accounting skills, gathering informing, business knowledge, people management, product knowledge, excel, observation skills","b.e mechanical engineering financial analysis, take risk for profits, trading, understand human behaviour, understand human body accounting skills, gathering informing, business knowledge, people management, product knowledge, excel, observation skills",b.e mechanical engineering,engineer
be,engineering,technology;web designing,programming language skills;wealth management;python,be engineering technology;web designing programming language skills;wealth management;python,be engineering,engineer
b.sc,computer science,technology,"ai, python","b.sc computer science technology ai, python",b.sc computer science,data analyst
be,mechanical engineering,supply chain analysis;data analytics,active listening;people management;leadership,be mechanical engineering supply chain analysis;data analytics active listening;people management;leadership,be mechanical engineering,engineer
mba,computer science engineering,technology;trading;data analytics;service,business knowledge;product knowledge,mba computer science engineering technology;trading;data analytics;service business knowledge;product knowledge,mba computer science engineering,software engineer
be,management,web designing;govt. job;web development,"accounting skills;critical thinking;artistic/creative skills;business knowledge;analytical skills;finance related skills;civil & criminal law;mass communication;editing;product knowledge;problem solving skills;writing skills;data visualization skills( power bi/ tableau );machine learning skills;social media marketing;c++;presentation skills;python;content creation;medical knowledge;java;hr;proeficiency in software like staad pro, etabs","be management web designing;govt. job;web development accounting skills;critical thinking;artistic/creative skills;business knowledge;analytical skills;finance related skills;civil & criminal law;mass communication;editing;product knowledge;problem solving skills;writing skills;data visualization skills( power bi/ tableau );machine learning skills;social media marketing;c++;presentation skills;python;content creation;medical knowledge;java;hr;proeficiency in software like staad pro, etabs",be management,business analyst
b.tech,mechanical,research,active listening;programming language skills;risk management skills;writing skills;sql;java,b.tech mechanical research active listening;programming language skills;risk management skills;writing skills;sql;java,b.tech mechanical,mechanical engineer
b.tech,computer science engineering,technology,programming language skills;finance related skills;editing;c++;python;artificial intelligence;sql;java,b.tech computer science engineering technology programming language skills;finance related skills;editing;c++;python;artificial intelligence;sql;java,b.tech computer science engineering,software engineer
b.tech,computer science engineering,technology,"team work, excel, logical skills, c++, problem solving skills, writing","b.tech computer science engineering technology team work, excel, logical skills, c++, problem solving skills, writing",b.tech computer science engineering,software engineer
b.tech,information technalogy,technology;industires;information technology,hardware skills;plc/scada/vlsi/dcs,b.tech information technalogy technology;industires;information technology hardware skills;plc/scada/vlsi/dcs,b.tech information technalogy,software engineer
b.tech,instrumentation,financial analysis;research;technology;data analytics,programming language skills;critical thinking;business knowledge;communication skills;leadership;problem solving skills;python;sql;java,b.tech instrumentation financial analysis;research;technology;data analytics programming language skills;critical thinking;business knowledge;communication skills;leadership;problem solving skills;python;sql;java,b.tech instrumentation,automation engineer
b.tech,electronics and communication engineering,"technology,teaching","creativity skills, team work, programming","b.tech electronics and communication engineering technology,teaching creativity skills, team work, programming",b.tech electronics and communication engineering,electronics and communication engineer
b.tech,civil engineering,software engineer,"ai, ml, python","b.tech civil engineering software engineer ai, ml, python",b.tech civil engineering,civil engineer
b.pharmacy,java programming & website designing,financial analysis;technology;supply chain analysis;data analytics;data scientist;web development;service;infrastructure,"accounting skills;business knowledge;analytical skills;finance related skills;communication skills;machine learning skills;c++;r;linux;python;artificial intelligence;sql;medical knowledge;java;cloud computing;proeficiency in software like staad pro, etabs;good communication skills","b.pharmacy java programming & website designing financial analysis;technology;supply chain analysis;data analytics;data scientist;web development;service;infrastructure accounting skills;business knowledge;analytical skills;finance related skills;communication skills;machine learning skills;c++;r;linux;python;artificial intelligence;sql;medical knowledge;java;cloud computing;proeficiency in software like staad pro, etabs;good communication skills",b.pharmacy java programming & website designing,designer
b.tech,pharmacy,construction;construction manegement;urban planning,"proeficiency in software like staad pro, etabs","b.tech pharmacy construction;construction manegement;urban planning proeficiency in software like staad pro, etabs",b.tech pharmacy,pharmacist
b.sc,civil,technology,programming,b.sc civil technology programming,b.sc civil,civil engineer
b.tech,computer science engineering,web designing;web development,javascript,b.tech computer science engineering web designing;web development javascript,b.tech computer science engineering,software engineer
m.sc,mathematics,technology,communication skills,m.sc mathematics technology communication skills,m.sc mathematics,data analyst
be,chemistry,"research, teaching, technology","gathering informing, leadership, market study, team work","be chemistry research, teaching, technology gathering informing, leadership, market study, team work",be chemistry,chemist
b.tech,automobile engineering,"financial analysis, teaching, technology","accounting skills, communication skills, editing, excel, presentation skills, writing, reading, subject knowledge","b.tech automobile engineering financial analysis, teaching, technology accounting skills, communication skills, editing, excel, presentation skills, writing, reading, subject knowledge",b.tech automobile engineering,automobile engineer
be,mathematics,entrepreneurship,"programming, logical skills, observation skills","be mathematics entrepreneurship programming, logical skills, observation skills",be mathematics,data analyst
b.tech,automobile engineering,"financial analysis, technology, entrepreneurship, understand human behaviour","accounting skills, active listening, gathering informing, java, sql, programming, communication skills, work under pressure, news gathering, editing, product knowledge, excel, interpersonal skills, presentation skills, c++, problem solving skills, observation skills, building rapport","b.tech automobile engineering financial analysis, technology, entrepreneurship, understand human behaviour accounting skills, active listening, gathering informing, java, sql, programming, communication skills, work under pressure, news gathering, editing, product knowledge, excel, interpersonal skills, presentation skills, c++, problem solving skills, observation skills, building rapport",b.tech automobile engineering,automobile engineer
b.tech,computer science engineering,data analytics;data scientist;social media marketing,analytical skills;data visualization skills( power bi/ tableau );c++;python;sql;java;aws,b.tech computer science engineering data analytics;data scientist;social media marketing analytical skills;data visualization skills( power bi/ tableau );c++;python;sql;java;aws,b.tech computer science engineering,software engineer
b.tech,information technology,"technology, understand human behaviour","ml, business knowledge, people management, communication skills, negotiation skills, leadership, product knowledge, team work, excel","b.tech information technology technology, understand human behaviour ml, business knowledge, people management, communication skills, negotiation skills, leadership, product knowledge, team work, excel",b.tech information technology,software engineer
m.sc,information technology,financial analysis;news coverage;research;sales/marketing;social justice;trading;understand human behaviour;understand human body;supply chain analysis;web designing;content writing;data analytics;govt. job;game industry;digital marketing;home interior design;retailer;data scientist;web development;market reserach;social media marketing;social causes;all fields related to data science.;navy defence related;customer care;urban planning,active listening;critical thinking;gathering information;analytical skills;people management;communication skills;negotiation skills;leadership;editing;product knowledge;problem solving skills;risk management skills;designing skills;writing skills;data visualization skills( power bi/ tableau );machine learning skills;sales;presentation skills;r;python;medical knowledge;hospitality;client management;good communication skills,m.sc information technology financial analysis;news coverage;research;sales/marketing;social justice;trading;understand human behaviour;understand human body;supply chain analysis;web designing;content writing;data analytics;govt. job;game industry;digital marketing;home interior design;retailer;data scientist;web development;market reserach;social media marketing;social causes;all fields related to data science.;navy defence related;customer care;urban planning active listening;critical thinking;gathering information;analytical skills;people management;communication skills;negotiation skills;leadership;editing;product knowledge;problem solving skills;risk management skills;designing skills;writing skills;data visualization skills( power bi/ tableau );machine learning skills;sales;presentation skills;r;python;medical knowledge;hospitality;client management;good communication skills,m.sc information technology,software engineer
b.e,accountancy,"research, sales/marketing, social justice, teaching, technology, entrepreneurship, understand human behaviour","programming, communication skills, work under pressure, leadership, editing, product knowledge, team work, excel, logical skills, interpersonal skills, presentation skills, c++, problem solving skills, mass communication, writing, reading, designing skills, sales","b.e accountancy research, sales/marketing, social justice, teaching, technology, entrepreneurship, understand human behaviour programming, communication skills, work under pressure, leadership, editing, product knowledge, team work, excel, logical skills, interpersonal skills, presentation skills, c++, problem solving skills, mass communication, writing, reading, designing skills, sales",b.e accountancy,accountant
b.e,physics,research,designing skills,b.e physics research designing skills,b.e physics,research scientist
b.sc,automobile engineering,technology;govt. job;data scientist,active listening;editing;r;python,b.sc automobile engineering technology;govt. job;data scientist active listening;editing;r;python,b.sc automobile engineering,automobile engineer
b.tech,automobile engineering,data scientist;machine learning,python,b.tech automobile engineering data scientist;machine learning python,b.tech automobile engineering,automobile engineer
b.tech,"mathematics, statistics and computer science",mobile app development,c++;python;sql;java;architecture;php,"b.tech mathematics, statistics and computer science mobile app development c++;python;sql;java;architecture;php","b.tech mathematics, statistics and computer science",software engineer
bca,computer science engineering,research;teaching;technology;govt. job,active listening;programming language skills;critical thinking;business knowledge;people management;negotiation skills;c++,bca computer science engineering research;teaching;technology;govt. job active listening;programming language skills;critical thinking;business knowledge;people management;negotiation skills;c++,bca computer science engineering,software engineer
b.com,computer science engineering,"financial analysis, research, technology","accounting skills, business knowledge, people management, work under pressure, cost accounting, reading","b.com computer science engineering financial analysis, research, technology accounting skills, business knowledge, people management, work under pressure, cost accounting, reading",b.com computer science engineering,software engineer
be,programing language,data analytics;data scientist;sap consultant in mm;cloud computing,problem solving skills;c++;linux;python,be programing language data analytics;data scientist;sap consultant in mm;cloud computing problem solving skills;c++;linux;python,be programing language,other
b.tech,accountancy,technology,no,b.tech accountancy technology no,b.tech accountancy,accountant
mba,computer science engineering,"social justice;technology;web designing;digital marketing;web development;market reserach;social media marketing;information technology;machine learning;agriculture, services",programming language skills;critical thinking;gathering information;artistic/creative skills;business knowledge;communication skills;leadership;designing skills;machine learning skills;sales;social media marketing;artificial intelligence;good communication skills;us & canada recruitment (it);aws;php,"mba computer science engineering social justice;technology;web designing;digital marketing;web development;market reserach;social media marketing;information technology;machine learning;agriculture, services programming language skills;critical thinking;gathering information;artistic/creative skills;business knowledge;communication skills;leadership;designing skills;machine learning skills;sales;social media marketing;artificial intelligence;good communication skills;us & canada recruitment (it);aws;php",mba computer science engineering,software engineer
be,electronics and communication engineering,understand human behaviour;data scientist;web development,programming language skills;writing skills;python,be electronics and communication engineering understand human behaviour;data scientist;web development programming language skills;writing skills;python,be electronics and communication engineering,electronics and communication engineer
master of journalism,econamics,content writing,editing,master of journalism econamics content writing editing,master of journalism econamics,other
pharmacy,information science,"teaching, entrepreneurship","sales, subject knowledge","pharmacy information science teaching, entrepreneurship sales, subject knowledge",pharmacy information science,other
d ed,vedio editing,"teaching, entrepreneurship","reading, sales","d ed vedio editing teaching, entrepreneurship reading, sales",d ed vedio editing,other
b.sc,zoology,financial analysis;govt. job,active listening;communication skills;java;good communication skills;teaching,b.sc zoology financial analysis;govt. job active listening;communication skills;java;good communication skills;teaching,b.sc zoology,biologist
b.tech,computer applications,"machine learning,all fields related to data science",python; c++; problem solving ;kivy; competitive programming; data structures ;backend web development ;spring boot; spring framework,"b.tech computer applications machine learning,all fields related to data science python; c++; problem solving ;kivy; competitive programming; data structures ;backend web development ;spring boot; spring framework",b.tech computer applications,software engineer
bba,statistics,trading,leadership,bba statistics trading leadership,bba statistics,data analyst
mca,computer science engineering,technology;govt. job,analytical skills;communication skills;product knowledge;risk management skills;good communication skills,mca computer science engineering technology;govt. job analytical skills;communication skills;product knowledge;risk management skills;good communication skills,mca computer science engineering,software engineer
hh,accountancy,social justice,people management,hh accountancy social justice people management,hh accountancy,accountant
bba,econamics,financial analysis;research;sales/marketing;trading,business knowledge;finance related skills;communication skills;leadership;interpersonal skills,bba econamics financial analysis;research;sales/marketing;trading business knowledge;finance related skills;communication skills;leadership;interpersonal skills,bba econamics,other
be,finance,financial analysis;technology;trading;data analytics;all fields related to data science.;information technology;blockchain,analytical skills;communication skills;leadership;problem solving skills;c++;linux;sql;good communication skills,be finance financial analysis;technology;trading;data analytics;all fields related to data science.;information technology;blockchain analytical skills;communication skills;leadership;problem solving skills;c++;linux;sql;good communication skills,be finance,financial analyst
bca,computer engineering,research;technology;web designing;data analytics;govt. job,active listening;hardware skills;programming language skills;critical thinking;gathering information;artistic/creative skills;business knowledge;analytical skills;finance related skills;communication skills;negotiation skills;mass communication;leadership;editing;problem solving skills;designing skills;writing skills;data visualization skills( power bi/ tableau );machine learning skills;social media marketing;c++;presentation skills;r;linux;python;sql;java;matlab,bca computer engineering research;technology;web designing;data analytics;govt. job active listening;hardware skills;programming language skills;critical thinking;gathering information;artistic/creative skills;business knowledge;analytical skills;finance related skills;communication skills;negotiation skills;mass communication;leadership;editing;problem solving skills;designing skills;writing skills;data visualization skills( power bi/ tableau );machine learning skills;social media marketing;c++;presentation skills;r;linux;python;sql;java;matlab,bca computer engineering,software engineer
b.tech,"c, c++, java, sql, mysql, unix, html, mathematics, statistics",construction manegement,"proeficiency in software like staad pro, etabs","b.tech c, c++, java, sql, mysql, unix, html, mathematics, statistics construction manegement proeficiency in software like staad pro, etabs","b.tech c, c++, java, sql, mysql, unix, html, mathematics, statistics",data analyst
b.tech,civil engineering,technology;data analytics;data scientist;web development,data visualization skills( power bi/ tableau );machine learning skills;c++;r;linux;python;artificial intelligence;sql,b.tech civil engineering technology;data analytics;data scientist;web development data visualization skills( power bi/ tableau );machine learning skills;c++;r;linux;python;artificial intelligence;sql,b.tech civil engineering,civil engineer
b.sc,computer science engineering,news coverage;understand human behaviour;content writing;digital marketing,active listening;critical thinking;gathering information;people management;communication skills;mass communication;editing;problem solving skills;writing skills;content creation,b.sc computer science engineering news coverage;understand human behaviour;content writing;digital marketing active listening;critical thinking;gathering information;people management;communication skills;mass communication;editing;problem solving skills;writing skills;content creation,b.sc computer science engineering,software engineer
b.com,chemistry,"research, understand human behaviour, understand human body","people management, communication skills, writing, observation skills, reporting","b.com chemistry research, understand human behaviour, understand human body people management, communication skills, writing, observation skills, reporting",b.com chemistry,chemist
b.com,botany,technology,"ai, ml, python","b.com botany technology ai, ml, python",b.com botany,other
b.com,computer science engineering,financial analysis,accounting skills;business knowledge;finance related skills;people management,b.com computer science engineering financial analysis accounting skills;business knowledge;finance related skills;people management,b.com computer science engineering,software engineer
b.tech,accounting,data scientist;information technology,data visualization skills( power bi/ tableau );c++;linux;python;artificial intelligence;sql,b.tech accounting data scientist;information technology data visualization skills( power bi/ tableau );c++;linux;python;artificial intelligence;sql,b.tech accounting,accountant
ba,computer science engineering,teaching,teaching,ba computer science engineering teaching teaching,ba computer science engineering,software engineer
b.tech,political science,teaching,java,b.tech political science teaching java,b.tech political science,civil services aspirant
b.tech,computer science engineering,technology,no,b.tech computer science engineering technology no,b.tech computer science engineering,software engineer
b.e,cse,entrepreneurship,"critical thinking, gathering informing, leadership, team work, risk managing","b.e cse entrepreneurship critical thinking, gathering informing, leadership, team work, risk managing",b.e cse,other
diploma,automobile engineering,design,hardware skills;analytical skills;communication skills;leadership;editing;product knowledge;problem solving skills;risk management skills;designing skills,diploma automobile engineering design hardware skills;analytical skills;communication skills;leadership;editing;product knowledge;problem solving skills;risk management skills;designing skills,diploma automobile engineering,automobile engineer
b.tech,n.a,"research, teaching, geography and geology","analytic thinking, sql, oracle, programming, communication skills, interpersonal skills","b.tech n.a research, teaching, geography and geology analytic thinking, sql, oracle, programming, communication skills, interpersonal skills",b.tech n.a,other
be,electrical and electronics engineering,construction,active listening;people management;communication skills;leadership;problem solving skills;risk management skills,be electrical and electronics engineering construction active listening;people management;communication skills;leadership;problem solving skills;risk management skills,be electrical and electronics engineering,engineer
b.tech,building material and construction,research,"accounting skills, cost accounting","b.tech building material and construction research accounting skills, cost accounting",b.tech building material and construction,other
b.tech,computer science engineering,technology,"java, sql, programming, team work","b.tech computer science engineering technology java, sql, programming, team work",b.tech computer science engineering,software engineer
bca,computer science engineering,financial analysis;understand human behaviour,leadership,bca computer science engineering financial analysis;understand human behaviour leadership,bca computer science engineering,software engineer
b.tech,computer applications,"technology,entrepreneurship","creativity skills,leadership,market study, teamwork, programming","b.tech computer applications technology,entrepreneurship creativity skills,leadership,market study, teamwork, programming",b.tech computer applications,software engineer
be,computer science engineering,financial analysis,"ml, python, analytic thinking, sql, excel, problem solving skills, tableau, risk managing","be computer science engineering financial analysis ml, python, analytic thinking, sql, excel, problem solving skills, tableau, risk managing",be computer science engineering,software engineer
b.tech,engineering,industires,mechanical maintenance,b.tech engineering industires mechanical maintenance,b.tech engineering,engineer
bca,mechanical engineering,news coverage;technology;understand human behaviour;understand human body;data analytics;home interior design,active listening;critical thinking;gathering information;artistic/creative skills;analytical skills;people management;communication skills;negotiation skills;mass communication;leadership;problem solving skills;risk management skills;designing skills;writing skills;machine learning skills;social media marketing;interpersonal skills;presentation skills;linux;artificial intelligence;sql;medical knowledge;cloud computing;hr,bca mechanical engineering news coverage;technology;understand human behaviour;understand human body;data analytics;home interior design active listening;critical thinking;gathering information;artistic/creative skills;analytical skills;people management;communication skills;negotiation skills;mass communication;leadership;problem solving skills;risk management skills;designing skills;writing skills;machine learning skills;social media marketing;interpersonal skills;presentation skills;linux;artificial intelligence;sql;medical knowledge;cloud computing;hr,bca mechanical engineering,engineer
be,computer applications,research;data analytics;data scientist;all fields related to data science.,active listening;gathering information;problem solving skills;matlab;good communication skills;teaching,be computer applications research;data analytics;data scientist;all fields related to data science. active listening;gathering information;problem solving skills;matlab;good communication skills;teaching,be computer applications,software engineer
m.sc,electronics and instrumentation engineering,"financial analysis, research, take risk for profits, technology, trading","accounting skills, python, critical thinking, analytic thinking, business knowledge, communication skills, negotiation skills, leadership, editing, product knowledge, cost accounting, creativity skills, market study, team work, derivatives, logical skills, c++, problem solving skills, observation skills, risk managing, designing skills, building rapport","m.sc electronics and instrumentation engineering financial analysis, research, take risk for profits, technology, trading accounting skills, python, critical thinking, analytic thinking, business knowledge, communication skills, negotiation skills, leadership, editing, product knowledge, cost accounting, creativity skills, market study, team work, derivatives, logical skills, c++, problem solving skills, observation skills, risk managing, designing skills, building rapport",m.sc electronics and instrumentation engineering,engineer
bba,mathematicsãš,sales/marketing,"team work, reporting","bba mathematicsãš sales/marketing team work, reporting",bba mathematicsãš,data analyst
mba,finance and hrãš,sales/marketing,"leadership, c.i.t","mba finance and hrãš sales/marketing leadership, c.i.t",mba finance and hrãš,financial analyst
bba,business administration,sales/marketing,"communication skills, leadership, team work, reporting","bba business administration sales/marketing communication skills, leadership, team work, reporting",bba business administration,business analyst
b.tech,sales & marketing,technology;data analytics;game industry,active listening;gathering information;artistic/creative skills;editing;problem solving skills;sql,b.tech sales & marketing technology;data analytics;game industry active listening;gathering information;artistic/creative skills;editing;problem solving skills;sql,b.tech sales & marketing,marketing executive
b.tech,computer science,technology,"python, artistic skills, sql, communication skills, editing, excel, c++","b.tech computer science technology python, artistic skills, sql, communication skills, editing, excel, c++",b.tech computer science,software engineer
b.sc,computer science engineering,financial analysis;data analytics;social media marketing,critical thinking;business knowledge;analytical skills;sql,b.sc computer science engineering financial analysis;data analytics;social media marketing critical thinking;business knowledge;analytical skills;sql,b.sc computer science engineering,software engineer
be,information technology,research;technology;data analytics;data scientist,active listening;critical thinking;gathering information;artistic/creative skills;communication skills;problem solving skills;risk management skills;writing skills;data visualization skills( power bi/ tableau );presentation skills;good communication skills,be information technology research;technology;data analytics;data scientist active listening;critical thinking;gathering information;artistic/creative skills;communication skills;problem solving skills;risk management skills;writing skills;data visualization skills( power bi/ tableau );presentation skills;good communication skills,be information technology,software engineer
be,computer science engineering,"sales/marketing, teaching, entrepreneurship","business knowledge, communication skills, negotiation skills, work under pressure, leadership, creativity skills, market study, team work, excel, logical skills, interpersonal skills, presentation skills, observation skills, sales","be computer science engineering sales/marketing, teaching, entrepreneurship business knowledge, communication skills, negotiation skills, work under pressure, leadership, creativity skills, market study, team work, excel, logical skills, interpersonal skills, presentation skills, observation skills, sales",be computer science engineering,software engineer
b.tech,automobile engineering,statistical programmer,programming language skills;r;python;programming language c;sas,b.tech automobile engineering statistical programmer programming language skills;r;python;programming language c;sas,b.tech automobile engineering,automobile engineer
b.tech,electronic,financial analysis,accounting skills;analytical skills;finance related skills;people management;negotiation skills,b.tech electronic financial analysis accounting skills;analytical skills;finance related skills;people management;negotiation skills,b.tech electronic,other
b.com,ecr,financial analysis,"accounting skills, analytic thinking, gathering informing, people management, communication skills, work under pressure, leadership, cost accounting, team work, excel, interpersonal skills, problem solving skills","b.com ecr financial analysis accounting skills, analytic thinking, gathering informing, people management, communication skills, work under pressure, leadership, cost accounting, team work, excel, interpersonal skills, problem solving skills",b.com ecr,other
b.tech,accountancy,technology,"ai, ml, python, analytic thinking, gathering informing, sql, team work, excel, tableau","b.tech accountancy technology ai, ml, python, analytic thinking, gathering informing, sql, team work, excel, tableau",b.tech accountancy,accountant
b.tech,computer science engineering,technology;understand human behaviour;understand human body;data scientist,active listening;business knowledge;lotus notes,b.tech computer science engineering technology;understand human behaviour;understand human body;data scientist active listening;business knowledge;lotus notes,b.tech computer science engineering,software engineer
b.tech,csit,technology;data analytics;data scientist;information technology,active listening;programming language skills;critical thinking;gathering information;business knowledge;analytical skills;people management;negotiation skills;sql;hr;client management;us & canada recruitment (it),b.tech csit technology;data analytics;data scientist;information technology active listening;programming language skills;critical thinking;gathering information;business knowledge;analytical skills;people management;negotiation skills;sql;hr;client management;us & canada recruitment (it),b.tech csit,other
b.tech,information technalogy (it),information technology,programming language skills;critical thinking;leadership;data visualization skills( power bi/ tableau );machine learning skills;python;good communication skills;programming language c,b.tech information technalogy (it) information technology programming language skills;critical thinking;leadership;data visualization skills( power bi/ tableau );machine learning skills;python;good communication skills;programming language c,b.tech information technalogy (it),software engineer
b.tech,electrical and electronics engineering,understand human behaviour,"active listening, communication skills, designing skills","b.tech electrical and electronics engineering understand human behaviour active listening, communication skills, designing skills",b.tech electrical and electronics engineering,engineer
b.tech,engineering,data analytics,problem solving skills;data visualization skills( power bi/ tableau );machine learning skills;python,b.tech engineering data analytics problem solving skills;data visualization skills( power bi/ tableau );machine learning skills;python,b.tech engineering,engineer
b.tech,electrical and electronics engineering,software job,no,b.tech electrical and electronics engineering software job no,b.tech electrical and electronics engineering,engineer
b.tech,mechanical engineering,technology,"ai, ml, python, java, sql, oracle, programming, work under pressure, leadership, product knowledge, team work, logical skills, presentation skills, c++, problem solving skills, writing, observation skills, subject knowledge","b.tech mechanical engineering technology ai, ml, python, java, sql, oracle, programming, work under pressure, leadership, product knowledge, team work, logical skills, presentation skills, c++, problem solving skills, writing, observation skills, subject knowledge",b.tech mechanical engineering,mechanical engineer
b.tech,computer science engineering,technology,linux,b.tech computer science engineering technology linux,b.tech computer science engineering,software engineer
b.sc,electrical and electronics engineering,"research, technology","python, people management, leadership, creativity skills, team work, observation skills, risk managing","b.sc electrical and electronics engineering research, technology python, people management, leadership, creativity skills, team work, observation skills, risk managing",b.sc electrical and electronics engineering,engineer
b.com,computer science engineering,financial analysis;sales/marketing;govt. job;game industry;digital marketing;web development;market reserach;industires;design,accounting skills;programming language skills;business knowledge;finance related skills;people management;risk management skills,b.com computer science engineering financial analysis;sales/marketing;govt. job;game industry;digital marketing;web development;market reserach;industires;design accounting skills;programming language skills;business knowledge;finance related skills;people management;risk management skills,b.com computer science engineering,software engineer
be,commerce,"research, technology, entrepreneurship","active listening, ai, ml, python, critical thinking, analytic thinking, programming, communication skills, work under pressure, leadership, c++, problem solving skills","be commerce research, technology, entrepreneurship active listening, ai, ml, python, critical thinking, analytic thinking, programming, communication skills, work under pressure, leadership, c++, problem solving skills",be commerce,accountant
b.tech,automobile engineering,technology,python,b.tech automobile engineering technology python,b.tech automobile engineering,automobile engineer
ba,mechanical engineering,social justice;understand human behaviour;gardening,active listening;critical thinking;product knowledge;presentation skills;artificial intelligence;good communication skills;teaching,ba mechanical engineering social justice;understand human behaviour;gardening active listening;critical thinking;product knowledge;presentation skills;artificial intelligence;good communication skills;teaching,ba mechanical engineering,engineer
b.tech,english,"research, technology","python, java","b.tech english research, technology python, java",b.tech english,content writer
b.tech,electronics and communication engineering,software,"java, sql","b.tech electronics and communication engineering software java, sql",b.tech electronics and communication engineering,electronics and communication engineer
b.e,electronics and communication engineering,technology,"leadership, team work, excel, reading, designing skills","b.e electronics and communication engineering technology leadership, team work, excel, reading, designing skills",b.e electronics and communication engineering,electronics and communication engineer
b.tech,automobile engineering,engineering,engineering,b.tech automobile engineering engineering engineering,b.tech automobile engineering,automobile engineer
b.com,engineering,financial analysis,accounting skills,b.com engineering financial analysis accounting skills,b.com engineering,engineer
be,commerce,technology;data scientist;machine learning,active listening;hardware skills;programming language skills;communication skills;r;python;sql;matlab;good communication skills,be commerce technology;data scientist;machine learning active listening;hardware skills;programming language skills;communication skills;r;python;sql;matlab;good communication skills,be commerce,accountant
b.sc,electrical and electronics engineering,teaching,writing skills;teaching,b.sc electrical and electronics engineering teaching writing skills;teaching,b.sc electrical and electronics engineering,engineer
bca,physics,technology,python;java,bca physics technology python;java,bca physics,research scientist
b.e.,computer applications,"social justice, technology","critical thinking, analytic thinking, business knowledge, communication skills, negotiation skills, leadership, creativity skills, team work, interpersonal skills, problem solving skills, risk managing, designing skills","b.e. computer applications social justice, technology critical thinking, analytic thinking, business knowledge, communication skills, negotiation skills, leadership, creativity skills, team work, interpersonal skills, problem solving skills, risk managing, designing skills",b.e. computer applications,software engineer
bca,automobile engineering,technology,active listening;programming language skills;critical thinking;designing skills;sql;java;cloud computing,bca automobile engineering technology active listening;programming language skills;critical thinking;designing skills;sql;java;cloud computing,bca automobile engineering,automobile engineer
b.tech,java,data analytics;data scientist,communication skills;problem solving skills;writing skills;data visualization skills( power bi/ tableau );machine learning skills;presentation skills;python;sql,b.tech java data analytics;data scientist communication skills;problem solving skills;writing skills;data visualization skills( power bi/ tableau );machine learning skills;presentation skills;python;sql,b.tech java,other
b.tech,electrical engineering,data scientist,data visualization skills( power bi/ tableau );machine learning skills;python;artificial intelligence,b.tech electrical engineering data scientist data visualization skills( power bi/ tableau );machine learning skills;python;artificial intelligence,b.tech electrical engineering,electrical engineer
be,electronics and communication engineering,"research, social justice, teaching","ml, critical thinking, analytic thinking, gathering informing, communication skills, work under pressure, writing","be electronics and communication engineering research, social justice, teaching ml, critical thinking, analytic thinking, gathering informing, communication skills, work under pressure, writing",be electronics and communication engineering,electronics and communication engineer
b.e,civil engineering,sales/marketing,"business knowledge, product knowledge, team work, reading, building rapport","b.e civil engineering sales/marketing business knowledge, product knowledge, team work, reading, building rapport",b.e civil engineering,engineer
be,automobile engineering,financial analysis;research;technology;game industry,active listening;programming language skills;critical thinking;gathering information;business knowledge;analytical skills;problem solving skills;data visualization skills( power bi/ tableau );machine learning skills;r;python;sql,be automobile engineering financial analysis;research;technology;game industry active listening;programming language skills;critical thinking;gathering information;business knowledge;analytical skills;problem solving skills;data visualization skills( power bi/ tableau );machine learning skills;r;python;sql,be automobile engineering,automobile engineer
be,"electrical, electronics and power engineering",research;game industry;digital marketing;data scientist;all fields related to data science.;information technology;blockchain,active listening;programming language skills;critical thinking;gathering information;analytical skills;problem solving skills;machine learning skills;presentation skills;r;python;sql,"be electrical, electronics and power engineering research;game industry;digital marketing;data scientist;all fields related to data science.;information technology;blockchain active listening;programming language skills;critical thinking;gathering information;analytical skills;problem solving skills;machine learning skills;presentation skills;r;python;sql","be electrical, electronics and power engineering",engineer
b.tech,"electrical, electronics and power engineering",entrepreneurship,"gathering informing, product knowledge","b.tech electrical, electronics and power engineering entrepreneurship gathering informing, product knowledge","b.tech electrical, electronics and power engineering",engineer
b.tech,information technalogy,technology;data analytics;data scientist;all fields related to data science.,gathering information;business knowledge;analytical skills;designing skills;presentation skills;content creation,b.tech information technalogy technology;data analytics;data scientist;all fields related to data science. gathering information;business knowledge;analytical skills;designing skills;presentation skills;content creation,b.tech information technalogy,software engineer
b.com,mechanical engineering,financial analysis;sales/marketing;data analytics,analytical skills;people management;communication skills;product knowledge;problem solving skills;risk management skills;data visualization skills( power bi/ tableau );machine learning skills;presentation skills;python;matlab,b.com mechanical engineering financial analysis;sales/marketing;data analytics analytical skills;people management;communication skills;product knowledge;problem solving skills;risk management skills;data visualization skills( power bi/ tableau );machine learning skills;presentation skills;python;matlab,b.com mechanical engineering,engineer
b.com,insurance,entrepreneurship,"business knowledge, leadership, team work, problem solving skills","b.com insurance entrepreneurship business knowledge, leadership, team work, problem solving skills",b.com insurance,other
b.tech,commerce,teaching,"active listening, work under pressure,teamwork,interpersonal skills, presentation skills, reading","b.tech commerce teaching active listening, work under pressure,teamwork,interpersonal skills, presentation skills, reading",b.tech commerce,accountant
b.tech,computer science engineering,"technology, entrepreneurship","business knowledge, sql, programming, people management, communication skills, work under pressure, editing, creativity skills, team work, excel, linux, problem solving skills, observation skills, reading","b.tech computer science engineering technology, entrepreneurship business knowledge, sql, programming, people management, communication skills, work under pressure, editing, creativity skills, team work, excel, linux, problem solving skills, observation skills, reading",b.tech computer science engineering,software engineer
b.tech,information technalogy,"research, sales/marketing, entrepreneurship","business knowledge, people management, work under pressure, digital marketing","b.tech information technalogy research, sales/marketing, entrepreneurship business knowledge, people management, work under pressure, digital marketing",b.tech information technalogy,software engineer
diploma,information technalogy,"social justice;teaching;govt. job;agriculture, services",active listening;programming language skills;critical thinking;gathering information;communication skills;leadership;good communication skills;teaching,"diploma information technalogy social justice;teaching;govt. job;agriculture, services active listening;programming language skills;critical thinking;gathering information;communication skills;leadership;good communication skills;teaching",diploma information technalogy,software engineer
b.tech,geography,govt. job,hardware skills,b.tech geography govt. job hardware skills,b.tech geography,gis analyst
b.com,mining,sales/marketing,artistic/creative skills,b.com mining sales/marketing artistic/creative skills,b.com mining,other
b.com,econamics,sales/marketing,artistic/creative skills,b.com econamics sales/marketing artistic/creative skills,b.com econamics,other
bba,econamics,financial analysis,sap successfactors;financial modeling;corporate finance;equity research;financial statement analysis;business model development;financial forecasting;business model innovationbusiness strategy,bba econamics financial analysis sap successfactors;financial modeling;corporate finance;equity research;financial statement analysis;business model development;financial forecasting;business model innovationbusiness strategy,bba econamics,other
b.tech,finance,understand human body,cell culture;microbiology;molecular genetics;microbial genetics;proteomics;pcr;bioinformatics;elisa;qrt-pcr;mammalian cell culture;rna isolation;site-directed mutagenesis;molecular & cellular biology;immunology;cell biology;dna extraction,b.tech finance understand human body cell culture;microbiology;molecular genetics;microbial genetics;proteomics;pcr;bioinformatics;elisa;qrt-pcr;mammalian cell culture;rna isolation;site-directed mutagenesis;molecular & cellular biology;immunology;cell biology;dna extraction,b.tech finance,financial analyst
b.sc,biotechnology,technology,"python, sql, programming","b.sc biotechnology technology python, sql, programming",b.sc biotechnology,biotech researcher
ba,computer science engineering,research;understand human behaviour;understand human body;web designing;content writing;game industry,active listening;leadership;editing;problem solving skills;risk management skills;designing skills;writing skills;content creation,ba computer science engineering research;understand human behaviour;understand human body;web designing;content writing;game industry active listening;leadership;editing;problem solving skills;risk management skills;designing skills;writing skills;content creation,ba computer science engineering,software engineer
b.sc,english,web designing,programming language skills;communication skills;leadership;editing;designing skills;writing skills;c++;sql,b.sc english web designing programming language skills;communication skills;leadership;editing;designing skills;writing skills;c++;sql,b.sc english,content writer
b.tech,computer science engineering,teaching,"python, analytic thinking, java, oracle, editing, c++, problem solving skills","b.tech computer science engineering teaching python, analytic thinking, java, oracle, editing, c++, problem solving skills",b.tech computer science engineering,software engineer
be,computer science engineering,research;sales/marketing;technology;understand human behaviour,communication skills;negotiation skills;product knowledge;designing skills,be computer science engineering research;sales/marketing;technology;understand human behaviour communication skills;negotiation skills;product knowledge;designing skills,be computer science engineering,software engineer
mca,mechanical engineering,data scientist,communication skills;leadership;problem solving skills;designing skills;writing skills;data visualization skills( power bi/ tableau );c++;presentation skills;python;artificial intelligence;content creation;hospitality;hr;good communication skills;teaching,mca mechanical engineering data scientist communication skills;leadership;problem solving skills;designing skills;writing skills;data visualization skills( power bi/ tableau );c++;presentation skills;python;artificial intelligence;content creation;hospitality;hr;good communication skills;teaching,mca mechanical engineering,engineer
b.tech,computers,technology;data analytics,programming language skills;data visualization skills( power bi/ tableau );python;artificial intelligence,b.tech computers technology;data analytics programming language skills;data visualization skills( power bi/ tableau );python;artificial intelligence,b.tech computers,software engineer
b.tech,mechanical engineering,data analytics;data scientist,communication skills;machine learning skills;python;sql,b.tech mechanical engineering data analytics;data scientist communication skills;machine learning skills;python;sql,b.tech mechanical engineering,mechanical engineer
b.tech,mechanical engineering,sales/marketing;teaching;technology,accounting skills;risk management skills;designing skills;writing skills,b.tech mechanical engineering sales/marketing;teaching;technology accounting skills;risk management skills;designing skills;writing skills,b.tech mechanical engineering,mechanical engineer
b.tech,electrical and electronics engineering,technology;govt. job;design,active listening;programming language skills;critical thinking;gathering information;business knowledge;communication skills;leadership;editing;problem solving skills;designing skills;writing skills;java,b.tech electrical and electronics engineering technology;govt. job;design active listening;programming language skills;critical thinking;gathering information;business knowledge;communication skills;leadership;editing;problem solving skills;designing skills;writing skills;java,b.tech electrical and electronics engineering,engineer
be,mechanical engineering,"teaching;technology;design;agriculture, services",active listening;business knowledge;people management;communication skills;leadership;designing skills;writing skills;social media marketing;hospitality;good communication skills;teaching;sap;cad/cae(autocad/catia/ansys/proe/seimensnx);mechanical maintenance;excel,"be mechanical engineering teaching;technology;design;agriculture, services active listening;business knowledge;people management;communication skills;leadership;designing skills;writing skills;social media marketing;hospitality;good communication skills;teaching;sap;cad/cae(autocad/catia/ansys/proe/seimensnx);mechanical maintenance;excel",be mechanical engineering,engineer
b.tech,automobile engineering,technology,"ai, ml, python","b.tech automobile engineering technology ai, ml, python",b.tech automobile engineering,automobile engineer
be,computer science engineering,entrepreneurship,"editing, excel, powerbi","be computer science engineering entrepreneurship editing, excel, powerbi",be computer science engineering,software engineer
b.tech,civil engineering,music,"python, java, sql","b.tech civil engineering music python, java, sql",b.tech civil engineering,civil engineer
be,computer science engineering,teaching;technology;trading,programming language skills;critical thinking;artistic/creative skills,be computer science engineering teaching;technology;trading programming language skills;critical thinking;artistic/creative skills,be computer science engineering,software engineer
be,engineering,"take risk for profits, technology, understand human behaviour, understand human body","ai, business knowledge, team work, problem solving skills","be engineering take risk for profits, technology, understand human behaviour, understand human body ai, business knowledge, team work, problem solving skills",be engineering,engineer
b.tech,automobile engineering,"web development,social causes,all fields related to data science,machine learning,data scientist",html;c;php;css;drupal;javascript;mssql;jquery;netbeans;mysql;ajax;xml,"b.tech automobile engineering web development,social causes,all fields related to data science,machine learning,data scientist html;c;php;css;drupal;javascript;mssql;jquery;netbeans;mysql;ajax;xml",b.tech automobile engineering,automobile engineer
b.tech,computer science engineering,"research,understand human body,biotechnology",cell culture ;plant tissue culture; environmental biotechnology; microbiology ;nanomaterials ;nanoparticles;nanobiotechnology; gas chromatographyhigh-performance liquid chromatography (hplc); electrospinning; mammalian cell culture ;bacterial culture; ndds ;chromatography;tissue culture;uv/vis spectroscopy,"b.tech computer science engineering research,understand human body,biotechnology cell culture ;plant tissue culture; environmental biotechnology; microbiology ;nanomaterials ;nanoparticles;nanobiotechnology; gas chromatographyhigh-performance liquid chromatography (hplc); electrospinning; mammalian cell culture ;bacterial culture; ndds ;chromatography;tissue culture;uv/vis spectroscopy",b.tech computer science engineering,software engineer
b.tech,biotechnology,technology,integrated circuits;lead generation;android and ios app developer;aurdino,b.tech biotechnology technology integrated circuits;lead generation;android and ios app developer;aurdino,b.tech biotechnology,biotech researcher
b.com,electronics & telecommunications engineering,sales/marketing,"work under pressure, excel, sales","b.com electronics & telecommunications engineering sales/marketing work under pressure, excel, sales",b.com electronics & telecommunications engineering,telecom engineer
b.tech,computer applications,technology,no,b.tech computer applications technology no,b.tech computer applications,software engineer
b.sc,computer science engineering,game industry,business knowledge;finance related skills;sql;java,b.sc computer science engineering game industry business knowledge;finance related skills;sql;java,b.sc computer science engineering,software engineer
b.tech,computer science,"research,understand human body,biotechnology",good manufacturing practice (gmp);hazard analysis and critical control points (haccp);food safety;quality assurance;problem solving;critical thinking;food microbiology;food technology,"b.tech computer science research,understand human body,biotechnology good manufacturing practice (gmp);hazard analysis and critical control points (haccp);food safety;quality assurance;problem solving;critical thinking;food microbiology;food technology",b.tech computer science,software engineer
ballb,biotechnology,litigation & legal service,critical thinking;civil & criminal law,ballb biotechnology litigation & legal service critical thinking;civil & criminal law,ballb biotechnology,other
b.tech,law,data analytics,data visualization skills( power bi/ tableau );sql,b.tech law data analytics data visualization skills( power bi/ tableau );sql,b.tech law,lawyer
b.tech,electronics and communication engineering,data analytics,analytical skills;problem solving skills;data visualization skills( power bi/ tableau );machine learning skills;sales;python;sql;java,b.tech electronics and communication engineering data analytics analytical skills;problem solving skills;data visualization skills( power bi/ tableau );machine learning skills;sales;python;sql;java,b.tech electronics and communication engineering,electronics and communication engineer
be,computer science & engineering,design,business knowledge;communication skills;designing skills;writing skills;machine learning skills,be computer science & engineering design business knowledge;communication skills;designing skills;writing skills;machine learning skills,be computer science & engineering,software engineer
b.sc,engineering graphics,in it services,"ml, python, java, sql, c++, linux","b.sc engineering graphics in it services ml, python, java, sql, c++, linux",b.sc engineering graphics,other
b.tech,computer science engineering,sales/marketing,"business knowledge, java, sql, excel, reporting","b.tech computer science engineering sales/marketing business knowledge, java, sql, excel, reporting",b.tech computer science engineering,software engineer
b.tech,information technology,technology,"sql, c++","b.tech information technology technology sql, c++",b.tech information technology,software engineer
b.tech,electrical and electronics engineering,"financial analysis, research, technology, gis","active listening, ml, python, analytic thinking, sql, programming, communication skills, creativity skills, team work, logical skills, tableau, reading","b.tech electrical and electronics engineering financial analysis, research, technology, gis active listening, ml, python, analytic thinking, sql, programming, communication skills, creativity skills, team work, logical skills, tableau, reading",b.tech electrical and electronics engineering,engineer
be,mechanical engineering,technology,"ml, python, critical thinking, analytic thinking, gathering informing, artistic skills, java, sql, programming, people management, communication skills, negotiation skills, work under pressure, leadership, team work, c++, problem solving skills, reading","be mechanical engineering technology ml, python, critical thinking, analytic thinking, gathering informing, artistic skills, java, sql, programming, people management, communication skills, negotiation skills, work under pressure, leadership, team work, c++, problem solving skills, reading",be mechanical engineering,engineer
b.e,communication & political science,technology,"ml, python, sql, oracle, tableau","b.e communication & political science technology ml, python, sql, oracle, tableau",b.e communication & political science,civil services aspirant
b.tech,computer science engineering,sales/marketing;design,gathering information;business knowledge;people management;communication skills;leadership;sales,b.tech computer science engineering sales/marketing;design gathering information;business knowledge;people management;communication skills;leadership;sales,b.tech computer science engineering,software engineer
b.sc,chemical engineering,"research, understand human behaviour, understand human body","artistic skills, business knowledge, communication skills, creativity skills, interpersonal skills, presentation skills, writing, observation skills, reading, subject knowledge","b.sc chemical engineering research, understand human behaviour, understand human body artistic skills, business knowledge, communication skills, creativity skills, interpersonal skills, presentation skills, writing, observation skills, reading, subject knowledge",b.sc chemical engineering,engineer
poo.sc,psychology,sales/marketing,sales,poo.sc psychology sales/marketing sales,poo.sc psychology,psychologist
b.tech,political science,"technology, trading, entrepreneurship","business knowledge, people management, communication skills, work under pressure, leadership, editing, team work, excel, presentation skills, reading, designing skills","b.tech political science technology, trading, entrepreneurship business knowledge, people management, communication skills, work under pressure, leadership, editing, team work, excel, presentation skills, reading, designing skills",b.tech political science,civil services aspirant
b.tech,mechanical engineering,technology;content writing;home interior design;compering,hardware skills;programming language skills;critical thinking;gathering information;writing skills;c++;matlab;good communication skills,b.tech mechanical engineering technology;content writing;home interior design;compering hardware skills;programming language skills;critical thinking;gathering information;writing skills;c++;matlab;good communication skills,b.tech mechanical engineering,mechanical engineer
be,electronics and communication engineering,technology,"java, sql, oracle, programming, problem solving skills","be electronics and communication engineering technology java, sql, oracle, programming, problem solving skills",be electronics and communication engineering,electronics and communication engineer
b.tech,automobile engineering,safety,"business knowledge, people management, work under pressure, leadership, team work, interpersonal skills, wealth management, risk managing","b.tech automobile engineering safety business knowledge, people management, work under pressure, leadership, team work, interpersonal skills, wealth management, risk managing",b.tech automobile engineering,automobile engineer
b.tech,automobile engineering,project management,active listening;critical thinking;artistic/creative skills;business knowledge;analytical skills;people management;communication skills;presentation skills,b.tech automobile engineering project management active listening;critical thinking;artistic/creative skills;business knowledge;analytical skills;people management;communication skills;presentation skills,b.tech automobile engineering,automobile engineer
mca,computer science engineering,technology,programming language skills,mca computer science engineering technology programming language skills,mca computer science engineering,software engineer
b.sc,computer,"take risk for profits, teaching, technology, entrepreneurship, understand human behaviour","critical thinking, analytic thinking, gathering informing, business knowledge, people management, negotiation skills, work under pressure, leadership, editing, product knowledge, market study, team work, excel, logical skills, interpersonal skills, presentation skills, c++, problem solving skills, observation skills, risk managing, reading","b.sc computer take risk for profits, teaching, technology, entrepreneurship, understand human behaviour critical thinking, analytic thinking, gathering informing, business knowledge, people management, negotiation skills, work under pressure, leadership, editing, product knowledge, market study, team work, excel, logical skills, interpersonal skills, presentation skills, c++, problem solving skills, observation skills, risk managing, reading",b.sc computer,software engineer
b.tech,computer science engineering,"financial analysis, research, technology, trading","active listening, ml, python, analytic thinking, gathering informing, java, sql, programming, people management, communication skills, work under pressure, leadership, editing, creativity skills, team work, c++, linux, reading, building rapport, subject knowledge","b.tech computer science engineering financial analysis, research, technology, trading active listening, ml, python, analytic thinking, gathering informing, java, sql, programming, people management, communication skills, work under pressure, leadership, editing, creativity skills, team work, c++, linux, reading, building rapport, subject knowledge",b.tech computer science engineering,software engineer
be,computer science engineering,technology;data analytics;data scientist,active listening;programming language skills;critical thinking;business knowledge;analytical skills;communication skills;leadership;problem solving skills;risk management skills;writing skills;data visualization skills( power bi/ tableau );machine learning skills;c++;r;python;artificial intelligence;sql,be computer science engineering technology;data analytics;data scientist active listening;programming language skills;critical thinking;business knowledge;analytical skills;communication skills;leadership;problem solving skills;risk management skills;writing skills;data visualization skills( power bi/ tableau );machine learning skills;c++;r;python;artificial intelligence;sql,be computer science engineering,software engineer
b.tech,oops,further studies,no,b.tech oops further studies no,b.tech oops,other
chartered accountancy,mechanical engineering,"financial analysis, news coverage","accounting skills, ai, business knowledge, work under pressure, leadership, team work, excel, risk managing, reporting","chartered accountancy mechanical engineering financial analysis, news coverage accounting skills, ai, business knowledge, work under pressure, leadership, team work, excel, risk managing, reporting",chartered accountancy mechanical engineering,engineer
m.tech,taxation & law,data analytics;web development;all fields related to data science.,programming language skills;analytical skills;leadership,m.tech taxation & law data analytics;web development;all fields related to data science. programming language skills;analytical skills;leadership,m.tech taxation & law,accountant
b.tech,mechanical(cad/cam),data analytics;data scientist;information technology,analytical skills;data visualization skills( power bi/ tableau );machine learning skills;r;python;artificial intelligence,b.tech mechanical(cad/cam) data analytics;data scientist;information technology analytical skills;data visualization skills( power bi/ tableau );machine learning skills;r;python;artificial intelligence,b.tech mechanical(cad/cam),mechanical engineer
b.tech,electronics and instrumentation engineering,software job,no,b.tech electronics and instrumentation engineering software job no,b.tech electronics and instrumentation engineering,engineer
b.tech,mechanical engineering,"teaching, software and hardware engineering jobs","python, writing, observation skills, reading, subject knowledge, c language","b.tech mechanical engineering teaching, software and hardware engineering jobs python, writing, observation skills, reading, subject knowledge, c language",b.tech mechanical engineering,mechanical engineer
b.tech,electrical and electronics engineering,software job,no,b.tech electrical and electronics engineering software job no,b.tech electrical and electronics engineering,engineer
b.com,electrical and electronics engineering,financial analysis,"accounting skills, excel","b.com electrical and electronics engineering financial analysis accounting skills, excel",b.com electrical and electronics engineering,engineer
b.tech,commerce,software job,no,b.tech commerce software job no,b.tech commerce,accountant
b.tech,electrical and electronics engineering,"plant automation,sales/marketing",automation;electrical design;variable frequency drives,"b.tech electrical and electronics engineering plant automation,sales/marketing automation;electrical design;variable frequency drives",b.tech electrical and electronics engineering,engineer
b.tech,electrical and electronics,financial analysis;research;teaching;home interior design,active listening;critical thinking;business knowledge;analytical skills;people management;communication skills;negotiation skills;leadership;risk management skills;writing skills;hr,b.tech electrical and electronics financial analysis;research;teaching;home interior design active listening;critical thinking;business knowledge;analytical skills;people management;communication skills;negotiation skills;leadership;risk management skills;writing skills;hr,b.tech electrical and electronics,electrical engineer
bca,agriculture engineering,sales/marketing,business knowledge,bca agriculture engineering sales/marketing business knowledge,bca agriculture engineering,engineer
bba,computer,sales/marketing,"work under pressure, leadership, creativity skills, interpersonal skills, presentation skills, problem solving skills","bba computer sales/marketing work under pressure, leadership, creativity skills, interpersonal skills, presentation skills, problem solving skills",bba computer,software engineer
be,sales & marketing,technology;service;social causes;industires;design,hardware skills;business knowledge;leadership;product knowledge;problem solving skills;designing skills;client management,be sales & marketing technology;service;social causes;industires;design hardware skills;business knowledge;leadership;product knowledge;problem solving skills;designing skills;client management,be sales & marketing,marketing executive
b.tech,electronics and communication engineering,technology;industires;sports industry,active listening;hardware skills;mass communication;risk management skills,b.tech electronics and communication engineering technology;industires;sports industry active listening;hardware skills;mass communication;risk management skills,b.tech electronics and communication engineering,electronics and communication engineer
b.com,electronics and communication engineering,financial analysis;research;sales/marketing;trading;supply chain analysis,accounting skills;active listening;programming language skills;critical thinking;gathering information;artistic/creative skills;business knowledge;analytical skills;finance related skills;communication skills;negotiation skills;leadership;product knowledge;problem solving skills;data visualization skills( power bi/ tableau );social media marketing;interpersonal skills;presentation skills;r;sql,b.com electronics and communication engineering financial analysis;research;sales/marketing;trading;supply chain analysis accounting skills;active listening;programming language skills;critical thinking;gathering information;artistic/creative skills;business knowledge;analytical skills;finance related skills;communication skills;negotiation skills;leadership;product knowledge;problem solving skills;data visualization skills( power bi/ tableau );social media marketing;interpersonal skills;presentation skills;r;sql,b.com electronics and communication engineering,electronics and communication engineer
b.com,bps,"news coverage, research, teaching, technology, entrepreneurship, understand human behaviour, understand human body","accounting skills, python, critical thinking, analytic thinking, gathering informing, business knowledge, sql, programming, communication skills, negotiation skills, leadership, news gathering, excel, interpersonal skills, presentation skills, r, linux, writing, tableau, observation skills, reporting, reading, designing skills","b.com bps news coverage, research, teaching, technology, entrepreneurship, understand human behaviour, understand human body accounting skills, python, critical thinking, analytic thinking, gathering informing, business knowledge, sql, programming, communication skills, negotiation skills, leadership, news gathering, excel, interpersonal skills, presentation skills, r, linux, writing, tableau, observation skills, reporting, reading, designing skills",b.com bps,other
b.com,computer science engineering,news coverage;research;teaching;technology;understand human behaviour;web designing;content writing;data analytics;game industry;web development;market reserach;service;infrastructure,accounting skills;hardware skills;critical thinking;gathering information;business knowledge;analytical skills;communication skills;product knowledge;problem solving skills;risk management skills;designing skills;data visualization skills( power bi/ tableau );linux;python;sql;content creation;cloud computing;matlab;good communication skills,b.com computer science engineering news coverage;research;teaching;technology;understand human behaviour;web designing;content writing;data analytics;game industry;web development;market reserach;service;infrastructure accounting skills;hardware skills;critical thinking;gathering information;business knowledge;analytical skills;communication skills;product knowledge;problem solving skills;risk management skills;designing skills;data visualization skills( power bi/ tableau );linux;python;sql;content creation;cloud computing;matlab;good communication skills,b.com computer science engineering,software engineer
diploma,computers,infrastructure,critical thinking;artistic/creative skills;good communication skills,diploma computers infrastructure critical thinking;artistic/creative skills;good communication skills,diploma computers,software engineer
b.tech,civil engineering,technology,active listening;programming language skills;python;sql;java,b.tech civil engineering technology active listening;programming language skills;python;sql;java,b.tech civil engineering,civil engineer
b.tech,information technalogy,news coverage;social justice;teaching;technology;understand human behaviour;web designing;content writing;data analytics;digital marketing;home interior design;web development;social media marketing;gardening;service;social causes;industires;design;navy defence related,active listening;programming language skills;critical thinking;artistic/creative skills;business knowledge;leadership;writing skills;linux;sql;java;client management;good communication skills,b.tech information technalogy news coverage;social justice;teaching;technology;understand human behaviour;web designing;content writing;data analytics;digital marketing;home interior design;web development;social media marketing;gardening;service;social causes;industires;design;navy defence related active listening;programming language skills;critical thinking;artistic/creative skills;business knowledge;leadership;writing skills;linux;sql;java;client management;good communication skills,b.tech information technalogy,software engineer
b.sc,information technalogy,"research, technology, trading","python, analytic thinking, people management, leadership, excel, logical skills, problem solving skills","b.sc information technalogy research, technology, trading python, analytic thinking, people management, leadership, excel, logical skills, problem solving skills",b.sc information technalogy,software engineer
b.sc,mathematics,technology,"excel, writing, reading","b.sc mathematics technology excel, writing, reading",b.sc mathematics,data analyst
mca,physics,web development,c++,mca physics web development c++,mca physics,research scientist
bca,java,web designing,designing skills;php,bca java web designing designing skills;php,bca java,other
b.sc,computer,understand human behaviour,"gathering informing, communication skills, negotiation skills, work under pressure, leadership, team work, writing, reading","b.sc computer understand human behaviour gathering informing, communication skills, negotiation skills, work under pressure, leadership, team work, writing, reading",b.sc computer,software engineer
b.tech,home science,trading,"business knowledge, programming, communication skills, negotiation skills, editing, creativity skills, market study, logical skills, interpersonal skills, wealth management, problem solving skills, mass communication","b.tech home science trading business knowledge, programming, communication skills, negotiation skills, editing, creativity skills, market study, logical skills, interpersonal skills, wealth management, problem solving skills, mass communication",b.tech home science,other
b.pharm,communication & political science,medicine,"life sciences;
pharmacovigilance;pharmacology;
gmp;
pharmaceutics;
drug discovery;
clinical trials;
pharmacokinetics;
clinical research;
high-performance liquid chromatography (hplc);
good clinical practice (gcp);
good laboratory practice (glp);
cro managementcro management","b.pharm communication & political science medicine life sciences;
pharmacovigilance;pharmacology;
gmp;
pharmaceutics;
drug discovery;
clinical trials;
pharmacokinetics;
clinical research;
high-performance liquid chromatography (hplc);
good clinical practice (gcp);
good laboratory practice (glp);
cro managementcro management",b.pharm communication & political science,civil services aspirant
b.tech,pharmacy,"research,understand human body,biotechnology","cancer research; cancer biology ;bacterial transformation; molecular cloning; cell culture;
gel electrophoresis;
fluorescence microscopy;
polymerase chain reaction (pcr);
real-time polymerase chain reaction (qpcr)","b.tech pharmacy research,understand human body,biotechnology cancer research; cancer biology ;bacterial transformation; molecular cloning; cell culture;
gel electrophoresis;
fluorescence microscopy;
polymerase chain reaction (pcr);
real-time polymerase chain reaction (qpcr)",b.tech pharmacy,pharmacist
b.tech,biotechnalogy,business analytics,"active listening, business knowledge, communication skills, leadership, interpersonal skills, presentation skills, problem solving skills, reading, designing skills","b.tech biotechnalogy business analytics active listening, business knowledge, communication skills, leadership, interpersonal skills, presentation skills, problem solving skills, reading, designing skills",b.tech biotechnalogy,other
b.tech,electronics and communication engineering,understand human behaviour;game industry;blockchain,business knowledge;product knowledge;problem solving skills,b.tech electronics and communication engineering understand human behaviour;game industry;blockchain business knowledge;product knowledge;problem solving skills,b.tech electronics and communication engineering,electronics and communication engineer
ba,electrical and electronics engineering,trading;understand human body;digital marketing,critical thinking;negotiation skills;editing,ba electrical and electronics engineering trading;understand human body;digital marketing critical thinking;negotiation skills;editing,ba electrical and electronics engineering,engineer
b.tech,general,technology;trading;web designing;govt. job,problem solving skills;java;matlab,b.tech general technology;trading;web designing;govt. job problem solving skills;java;matlab,b.tech general,teacher
b.sc,engineering,teaching;govt. job,active listening;writing skills,b.sc engineering teaching;govt. job active listening;writing skills,b.sc engineering,engineer
bba,automobile engineering,financial analysis;understand human behaviour;industires;blockchain,accounting skills;business knowledge,bba automobile engineering financial analysis;understand human behaviour;industires;blockchain accounting skills;business knowledge,bba automobile engineering,automobile engineer
b.tech,mechanical engineering,construction;construction manegement,construction management,b.tech mechanical engineering construction;construction manegement construction management,b.tech mechanical engineering,mechanical engineer
b.tech,mechanical engineering,construction;construction manegement,"proeficiency in software like staad pro, etabs","b.tech mechanical engineering construction;construction manegement proeficiency in software like staad pro, etabs",b.tech mechanical engineering,mechanical engineer
b.tech,computer science engineering,industires,business knowledge;analytical skills;people management;product knowledge;problem solving skills;good communication skills,b.tech computer science engineering industires business knowledge;analytical skills;people management;product knowledge;problem solving skills;good communication skills,b.tech computer science engineering,software engineer
b.tech,mathematics,"cyber security,technology,data analytics,machine learning,cloud computing",splunk;servicenow;cybersecurity;,"b.tech mathematics cyber security,technology,data analytics,machine learning,cloud computing splunk;servicenow;cybersecurity;",b.tech mathematics,data analyst
be,accounting,technology;trading;game industry;information technology,hardware skills;programming language skills;gathering information;product knowledge;sql;java;automation,be accounting technology;trading;game industry;information technology hardware skills;programming language skills;gathering information;product knowledge;sql;java;automation,be accounting,accountant
b.e,civil engineering,"research, sales/marketing, social justice, take risk for profits, technology, trading, entrepreneurship, understand human behaviour","active listening, ai, ml, python, critical thinking, analytic thinking, gathering informing, artistic skills, sql, negotiation skills, work under pressure, leadership, news gathering, editing, product knowledge, creativity skills, team work, excel, interpersonal skills, presentation skills, c++, r, problem solving skills, mass communication, writing, tableau, observation skills, risk managing, reporting, reading, designing skills, subject knowledge","b.e civil engineering research, sales/marketing, social justice, take risk for profits, technology, trading, entrepreneurship, understand human behaviour active listening, ai, ml, python, critical thinking, analytic thinking, gathering informing, artistic skills, sql, negotiation skills, work under pressure, leadership, news gathering, editing, product knowledge, creativity skills, team work, excel, interpersonal skills, presentation skills, c++, r, problem solving skills, mass communication, writing, tableau, observation skills, risk managing, reporting, reading, designing skills, subject knowledge",b.e civil engineering,engineer
be,civil engineering,research;social justice;technology;trading;understand human behaviour;supply chain analysis;data analytics;govt. job;game industry;digital marketing;data scientist;web development;market reserach;social media marketing;gardening;service;social causes,active listening;critical thinking;gathering information;artistic/creative skills;business knowledge;analytical skills;people management;civil & criminal law;communication skills;negotiation skills;mass communication;leadership;editing;product knowledge;problem solving skills;risk management skills;designing skills;writing skills;data visualization skills( power bi/ tableau );machine learning skills;interpersonal skills;presentation skills;r;python;artificial intelligence;sql;content creation;good communication skills,be civil engineering research;social justice;technology;trading;understand human behaviour;supply chain analysis;data analytics;govt. job;game industry;digital marketing;data scientist;web development;market reserach;social media marketing;gardening;service;social causes active listening;critical thinking;gathering information;artistic/creative skills;business knowledge;analytical skills;people management;civil & criminal law;communication skills;negotiation skills;mass communication;leadership;editing;product knowledge;problem solving skills;risk management skills;designing skills;writing skills;data visualization skills( power bi/ tableau );machine learning skills;interpersonal skills;presentation skills;r;python;artificial intelligence;sql;content creation;good communication skills,be civil engineering,engineer
be,mechanical engineering,news coverage;research;sales/marketing;social justice;technology;trading;understand human behaviour;understand human body;supply chain analysis;content writing;data analytics;govt. job;game industry;digital marketing;data scientist;web development;market reserach;social media marketing;service;infrastructure;social causes;all fields related to data science.;industires;design;sap consultant in mm;information technology;product life cycle management;navy defence related;sports industry;blockchain;salesforce admin,active listening;hardware skills;programming language skills;critical thinking;gathering information;artistic/creative skills;business knowledge;analytical skills;finance related skills;people management;communication skills;negotiation skills;mass communication;leadership;editing;product knowledge;problem solving skills;risk management skills;designing skills;writing skills;data visualization skills( power bi/ tableau );machine learning skills;sales;social media marketing;interpersonal skills;wealth management;presentation skills;r;python;artificial intelligence;sql;content creation;medical knowledge;hospitality;hr;matlab;good communication skills;teaching;sap;us & canada recruitment (it),be mechanical engineering news coverage;research;sales/marketing;social justice;technology;trading;understand human behaviour;understand human body;supply chain analysis;content writing;data analytics;govt. job;game industry;digital marketing;data scientist;web development;market reserach;social media marketing;service;infrastructure;social causes;all fields related to data science.;industires;design;sap consultant in mm;information technology;product life cycle management;navy defence related;sports industry;blockchain;salesforce admin active listening;hardware skills;programming language skills;critical thinking;gathering information;artistic/creative skills;business knowledge;analytical skills;finance related skills;people management;communication skills;negotiation skills;mass communication;leadership;editing;product knowledge;problem solving skills;risk management skills;designing skills;writing skills;data visualization skills( power bi/ tableau );machine learning skills;sales;social media marketing;interpersonal skills;wealth management;presentation skills;r;python;artificial intelligence;sql;content creation;medical knowledge;hospitality;hr;matlab;good communication skills;teaching;sap;us & canada recruitment (it),be mechanical engineering,engineer
b.e,electronics & telecommunications,"sales/marketing, technology","interpersonal skills, c++, sales","b.e electronics & telecommunications sales/marketing, technology interpersonal skills, c++, sales",b.e electronics & telecommunications,telecom engineer
be,computer science,railway engineering,"critical thinking, analytic thinking, gathering informing, business knowledge, people management, negotiation skills, work under pressure, leadership, team work, excel, interpersonal skills, presentation skills, problem solving skills, mass communication, writing, observation skills, risk managing, reporting, designing skills, building rapport, subject knowledge","be computer science railway engineering critical thinking, analytic thinking, gathering informing, business knowledge, people management, negotiation skills, work under pressure, leadership, team work, excel, interpersonal skills, presentation skills, problem solving skills, mass communication, writing, observation skills, risk managing, reporting, designing skills, building rapport, subject knowledge",be computer science,software engineer
be,mathematics,financial analysis;research;data analytics;data scientist;social media marketing;machine learning,accounting skills;active listening;programming language skills;critical thinking;gathering information;business knowledge;analytical skills;finance related skills;communication skills;leadership;risk management skills;designing skills;data visualization skills( power bi/ tableau );machine learning skills;interpersonal skills;presentation skills;linux;python;artificial intelligence;sql;java;cloud computing;good communication skills;teaching;aws;teaching experience;excel,be mathematics financial analysis;research;data analytics;data scientist;social media marketing;machine learning accounting skills;active listening;programming language skills;critical thinking;gathering information;business knowledge;analytical skills;finance related skills;communication skills;leadership;risk management skills;designing skills;data visualization skills( power bi/ tableau );machine learning skills;interpersonal skills;presentation skills;linux;python;artificial intelligence;sql;java;cloud computing;good communication skills;teaching;aws;teaching experience;excel,be mathematics,data analyst
b.tech,mathematics,technology;web designing,designing skills;sql;java,b.tech mathematics technology;web designing designing skills;sql;java,b.tech mathematics,data analyst
b.sc,mathematics,data analytics;govt. job,writing skills,b.sc mathematics data analytics;govt. job writing skills,b.sc mathematics,data analyst
b.com,automobile engineering,govt. job,accounting skills;active listening;hardware skills,b.com automobile engineering govt. job accounting skills;active listening;hardware skills,b.com automobile engineering,automobile engineer
b.sc,civil engineering,technology,programming language skills;finance related skills;sql,b.sc civil engineering technology programming language skills;finance related skills;sql,b.sc civil engineering,engineer
b.tech,computer science engineering,"embedded systems,technology","programming,leadership skills,presentation skills,team work","b.tech computer science engineering embedded systems,technology programming,leadership skills,presentation skills,team work",b.tech computer science engineering,software engineer
b.tech,electrical and electronics engineering,teaching;technology;digital marketing;gardening,active listening;hardware skills;programming language skills;critical thinking;gathering information;artistic/creative skills;communication skills;leadership;problem solving skills;writing skills;interpersonal skills;presentation skills;matlab;good communication skills,b.tech electrical and electronics engineering teaching;technology;digital marketing;gardening active listening;hardware skills;programming language skills;critical thinking;gathering information;artistic/creative skills;communication skills;leadership;problem solving skills;writing skills;interpersonal skills;presentation skills;matlab;good communication skills,b.tech electrical and electronics engineering,engineer
b.sc,chemistry,"research, technology","excel, c++","b.sc chemistry research, technology excel, c++",b.sc chemistry,chemist
be,accounts,data analytics;data scientist,active listening;programming language skills;gathering information;communication skills;problem solving skills;writing skills;data visualization skills( power bi/ tableau );c++;python;sql;programming language c,be accounts data analytics;data scientist active listening;programming language skills;gathering information;communication skills;problem solving skills;writing skills;data visualization skills( power bi/ tableau );c++;python;sql;programming language c,be accounts,accountant
be,computer,teaching;understand human body,medical knowledge,be computer teaching;understand human body medical knowledge,be computer,software engineer
b.sc,electronics and communication engineering,news coverage,"business knowledge, programming","b.sc electronics and communication engineering news coverage business knowledge, programming",b.sc electronics and communication engineering,electronics and communication engineer
be,electrical engineering,data analytics;data scientist,active listening;hardware skills,be electrical engineering data analytics;data scientist active listening;hardware skills,be electrical engineering,engineer
be,physics,financial analysis;oil and gas;construction,leadership;editing;cad/cae(autocad/catia/ansys/proe/seimensnx);mechanical maintenance,be physics financial analysis;oil and gas;construction leadership;editing;cad/cae(autocad/catia/ansys/proe/seimensnx);mechanical maintenance,be physics,research scientist
be,data science,research;data analytics;data scientist,programming language skills;critical thinking;gathering information;analytical skills;people management;communication skills;problem solving skills;risk management skills;data visualization skills( power bi/ tableau );machine learning skills;python;sql;matlab;good communication skills,be data science research;data analytics;data scientist programming language skills;critical thinking;gathering information;analytical skills;people management;communication skills;problem solving skills;risk management skills;data visualization skills( power bi/ tableau );machine learning skills;python;sql;matlab;good communication skills,be data science,other
be,medical electronics,technology;supply chain analysis,hardware skills;programming language skills;critical thinking;gathering information;mass communication;leadership;problem solving skills;data visualization skills( power bi/ tableau );python;sql;matlab;good communication skills,be medical electronics technology;supply chain analysis hardware skills;programming language skills;critical thinking;gathering information;mass communication;leadership;problem solving skills;data visualization skills( power bi/ tableau );python;sql;matlab;good communication skills,be medical electronics,other
b.sc,computer science engineering,technology;web designing;data analytics;govt. job;information technology,gathering information;business knowledge;editing;problem solving skills;writing skills;c++;sql;java,b.sc computer science engineering technology;web designing;data analytics;govt. job;information technology gathering information;business knowledge;editing;problem solving skills;writing skills;c++;sql;java,b.sc computer science engineering,software engineer
mca,electronics and communication engineering,research;technology,programming language skills;critical thinking;business knowledge;analytical skills;communication skills;problem solving skills;data visualization skills( power bi/ tableau );machine learning skills;r;linux;python;artificial intelligence;sql,mca electronics and communication engineering research;technology programming language skills;critical thinking;business knowledge;analytical skills;communication skills;problem solving skills;data visualization skills( power bi/ tableau );machine learning skills;r;linux;python;artificial intelligence;sql,mca electronics and communication engineering,electronics and communication engineer
b.tech,computer science engineering,news coverage;research;sales/marketing;social justice;technology;trading;market reserach;industires;design,accounting skills;active listening;hardware skills;programming language skills;product knowledge;problem solving skills;java,b.tech computer science engineering news coverage;research;sales/marketing;social justice;technology;trading;market reserach;industires;design accounting skills;active listening;hardware skills;programming language skills;product knowledge;problem solving skills;java,b.tech computer science engineering,software engineer
mba,mechanical engineering,technology,communication skills,mba mechanical engineering technology communication skills,mba mechanical engineering,engineer
b.sc,commerce,singing,"ai, ml, python, java, sql, oracle, programming, problem solving skills, tableau, designing skills","b.sc commerce singing ai, ml, python, java, sql, oracle, programming, problem solving skills, tableau, designing skills",b.sc commerce,accountant
b.sc,computer science engineering,sales/marketing,active listening;hardware skills;critical thinking;artistic/creative skills;business knowledge;finance related skills;people management;communication skills;product knowledge;problem solving skills;risk management skills;sales,b.sc computer science engineering sales/marketing active listening;hardware skills;critical thinking;artistic/creative skills;business knowledge;finance related skills;people management;communication skills;product knowledge;problem solving skills;risk management skills;sales,b.sc computer science engineering,software engineer
m.tech,physics,technology;data analytics;game industry;data scientist;information technology;excel,programming language skills;communication skills;writing skills;c++;presentation skills;r;linux;python;sql;good communication skills;teaching;programming language c;teaching experience,m.tech physics technology;data analytics;game industry;data scientist;information technology;excel programming language skills;communication skills;writing skills;c++;presentation skills;r;linux;python;sql;good communication skills;teaching;programming language c;teaching experience,m.tech physics,research scientist
b.tech,computer science,technology,"python, linux","b.tech computer science technology python, linux",b.tech computer science,software engineer
b.com,electronics and communication engineering,financial analysis,"accounting skills, ml, python","b.com electronics and communication engineering financial analysis accounting skills, ml, python",b.com electronics and communication engineering,electronics and communication engineer
ba,accountancy,govt. job;gardening;teaching,communication skills;leadership;problem solving skills;designing skills;writing skills;sales;c++;java;hospitality,ba accountancy govt. job;gardening;teaching communication skills;leadership;problem solving skills;designing skills;writing skills;sales;c++;java;hospitality,ba accountancy,accountant
b.tech,english,further studies,no,b.tech english further studies no,b.tech english,content writer
ba,electrical and electronics engineering,sales/marketing;understand human behaviour,business knowledge;people management;leadership,ba electrical and electronics engineering sales/marketing;understand human behaviour business knowledge;people management;leadership,ba electrical and electronics engineering,engineer
b.tech,economics,"financial analysis, teaching, technology, trading","python, java, sql, oracle, programming, team work, excel, logical skills, interpersonal skills, linux, problem solving skills","b.tech economics financial analysis, teaching, technology, trading python, java, sql, oracle, programming, team work, excel, logical skills, interpersonal skills, linux, problem solving skills",b.tech economics,other
b.tech,computer science engineering,technology;sap consultant in mm;machine learning;oil and gas,designing skills;linux;sql;java;cloud computing;mechanical maintenance,b.tech computer science engineering technology;sap consultant in mm;machine learning;oil and gas designing skills;linux;sql;java;cloud computing;mechanical maintenance,b.tech computer science engineering,software engineer
b.m.s,mechanical engineering,"financial analysis, sales/marketing, take risk for profits, entrepreneurship","business knowledge, work under pressure, team work","b.m.s mechanical engineering financial analysis, sales/marketing, take risk for profits, entrepreneurship business knowledge, work under pressure, team work",b.m.s mechanical engineering,engineer
bca,business administration,technology;web designing;content writing;game industry;data scientist;web development;design;information technology;blockchain,critical thinking;artistic/creative skills;analytical skills;communication skills;editing;problem solving skills;risk management skills;writing skills;c++,bca business administration technology;web designing;content writing;game industry;data scientist;web development;design;information technology;blockchain critical thinking;artistic/creative skills;analytical skills;communication skills;editing;problem solving skills;risk management skills;writing skills;c++,bca business administration,business analyst
ma,principles of programming through c language,teaching;govt. job,teaching,ma principles of programming through c language teaching;govt. job teaching,ma principles of programming through c language,other
b.tech,education,"financial analysis, take risk for profits, technology, understand human behaviour","analytic thinking, business knowledge, sql, people management, communication skills, negotiation skills, product knowledge, team work, excel, problem solving skills, writing, subject knowledge","b.tech education financial analysis, take risk for profits, technology, understand human behaviour analytic thinking, business knowledge, sql, people management, communication skills, negotiation skills, product knowledge, team work, excel, problem solving skills, writing, subject knowledge",b.tech education,teacher
be,computer science engineering,data analytics,active listening;gathering information;analytical skills;communication skills;python;sql,be computer science engineering data analytics active listening;gathering information;analytical skills;communication skills;python;sql,be computer science engineering,software engineer
b.tech,digital signal processing,technology;information technology,plc/scada/dcs/vlsi,b.tech digital signal processing technology;information technology plc/scada/dcs/vlsi,b.tech digital signal processing,other
ballb,instrumentation engineering,social justice;social causes,civil & criminal law;good communication skills,ballb instrumentation engineering social justice;social causes civil & criminal law;good communication skills,ballb instrumentation engineering,engineer
m.sc,law,sales/marketing;retailer;market reserach,active listening;artistic/creative skills;communication skills;machine learning skills;sales,m.sc law sales/marketing;retailer;market reserach active listening;artistic/creative skills;communication skills;machine learning skills;sales,m.sc law,lawyer
m.sc,fashion designing,research;teaching;technology;govt. job,communication skills;negotiation skills;leadership;problem solving skills;writing skills;hr;teaching,m.sc fashion designing research;teaching;technology;govt. job communication skills;negotiation skills;leadership;problem solving skills;writing skills;hr;teaching,m.sc fashion designing,designer
b.tech,physics,industires,hardware skills;business knowledge;machine learning skills,b.tech physics industires hardware skills;business knowledge;machine learning skills,b.tech physics,research scientist
b.tech,mathematics,technology;information technology;sports industry,risk management skills;python;artificial intelligence,b.tech mathematics technology;information technology;sports industry risk management skills;python;artificial intelligence,b.tech mathematics,data analyst
b.com,computer science  engineering,"sales/marketing, entrepreneurship","business knowledge, risk managing, reporting","b.com computer science  engineering sales/marketing, entrepreneurship business knowledge, risk managing, reporting",b.com computer science  engineering,software engineer
bca,accountancy,web designing;data analytics;digital marketing;data scientist,analytical skills;communication skills;problem solving skills;writing skills;c++,bca accountancy web designing;data analytics;digital marketing;data scientist analytical skills;communication skills;problem solving skills;writing skills;c++,bca accountancy,accountant
b.tech,c programming,sales/marketing,hardware skills,b.tech c programming sales/marketing hardware skills,b.tech c programming,other
b.tech,mechanical,technology,machine learning skills,b.tech mechanical technology machine learning skills,b.tech mechanical,mechanical engineer
ba,psychology,further studies,no,ba psychology further studies no,ba psychology,psychologist
ba,ba,data scientist,programming language skills;analytical skills;data visualization skills( power bi/ tableau );python;sql,ba ba data scientist programming language skills;analytical skills;data visualization skills( power bi/ tableau );python;sql,ba ba,other
b.com,commerce,sales/marketing,"accounting skills, negotiation skills, work under pressure, logical skills","b.com commerce sales/marketing accounting skills, negotiation skills, work under pressure, logical skills",b.com commerce,accountant
be,automobile,sales/marketing,accounting skills;gathering information;people management;communication skills;product knowledge;sales;presentation skills;cad/cae(autocad/catia/ansys/proe/seimensnx);excel,be automobile sales/marketing accounting skills;gathering information;people management;communication skills;product knowledge;sales;presentation skills;cad/cae(autocad/catia/ansys/proe/seimensnx);excel,be automobile,automobile engineer
b.com,sales & marketing,take risk for profits,team work,b.com sales & marketing take risk for profits team work,b.com sales & marketing,marketing executive
bba,marketing analyticsãš,marketing,leadership,bba marketing analyticsãš marketing leadership,bba marketing analyticsãš,marketing executive
b.sc,statistics,technology;govt. job;data scientist,active listening;hardware skills;gathering information;hospitality;client management;good communication skills,b.sc statistics technology;govt. job;data scientist active listening;hardware skills;gathering information;hospitality;client management;good communication skills,b.sc statistics,data analyst
b.com,accountancy,financial analysis,"accounting skills, analytic thinking, communication skills, product knowledge, logical skills, reading, subject knowledge","b.com accountancy financial analysis accounting skills, analytic thinking, communication skills, product knowledge, logical skills, reading, subject knowledge",b.com accountancy,accountant
b.tech,renual resources and energy,trading,people management;negotiation skills;leadership;product knowledge;problem solving skills;risk management skills;presentation skills,b.tech renual resources and energy trading people management;negotiation skills;leadership;product knowledge;problem solving skills;risk management skills;presentation skills,b.tech renual resources and energy,other
b.tech,electrical sciences,sales/marketing;technology;data analytics,accounting skills;hardware skills;gathering information;business knowledge;analytical skills;communication skills;leadership;problem solving skills;risk management skills;hospitality;hr,b.tech electrical sciences sales/marketing;technology;data analytics accounting skills;hardware skills;gathering information;business knowledge;analytical skills;communication skills;leadership;problem solving skills;risk management skills;hospitality;hr,b.tech electrical sciences,electrical engineer
ba,general,teaching;social causes,artistic/creative skills;finance related skills;mass communication,ba general teaching;social causes artistic/creative skills;finance related skills;mass communication,ba general,teacher
b.sc,computer science engineering,technology,sql,b.sc computer science engineering technology sql,b.sc computer science engineering,software engineer
b.sc,computer science,govt. job,artistic/creative skills;leadership,b.sc computer science govt. job artistic/creative skills;leadership,b.sc computer science,data analyst
b.e,mechanical engineering,"take risk for profits, technology, entrepreneurship","ai, ml, python, programming, excel","b.e mechanical engineering take risk for profits, technology, entrepreneurship ai, ml, python, programming, excel",b.e mechanical engineering,engineer
be,mathematics,data analytics,programming language skills;business knowledge;communication skills;problem solving skills;risk management skills;machine learning skills;python;artificial intelligence,be mathematics data analytics programming language skills;business knowledge;communication skills;problem solving skills;risk management skills;machine learning skills;python;artificial intelligence,be mathematics,data analyst
bca,data analysis,data analytics;machine learning,analytical skills;communication skills;leadership;product knowledge;problem solving skills;risk management skills;python,bca data analysis data analytics;machine learning analytical skills;communication skills;leadership;product knowledge;problem solving skills;risk management skills;python,bca data analysis,other
be,mm,research;technology,communication skills;python;cloud computing,be mm research;technology communication skills;python;cloud computing,be mm,other
b.tech,mechanical engineering,technology,critical thinking;analytical skills;communication skills;problem solving skills;writing skills;data visualization skills( power bi/ tableau );machine learning skills;r;python;sql,b.tech mechanical engineering technology critical thinking;analytical skills;communication skills;problem solving skills;writing skills;data visualization skills( power bi/ tableau );machine learning skills;r;python;sql,b.tech mechanical engineering,mechanical engineer
b.sc,computer science,technology,"ai, ml, python, java, sql, communication skills, negotiation skills, leadership, excel, logical skills, interpersonal skills, c++, linux, observation skills","b.sc computer science technology ai, ml, python, java, sql, communication skills, negotiation skills, leadership, excel, logical skills, interpersonal skills, c++, linux, observation skills",b.sc computer science,data analyst
be,civil,all fields related to data science.,active listening;programming language skills;critical thinking;artistic/creative skills;business knowledge;analytical skills;people management;leadership;problem solving skills;data visualization skills( power bi/ tableau );presentation skills;python;sql;good communication skills,be civil all fields related to data science. active listening;programming language skills;critical thinking;artistic/creative skills;business knowledge;analytical skills;people management;leadership;problem solving skills;data visualization skills( power bi/ tableau );presentation skills;python;sql;good communication skills,be civil,civil engineer
b.com,economics,financial analysis,accounting skills;editing,b.com economics financial analysis accounting skills;editing,b.com economics,other
b.tech,mechanical engineering,research;technology,active listening;programming language skills;communication skills,b.tech mechanical engineering research;technology active listening;programming language skills;communication skills,b.tech mechanical engineering,mechanical engineer
b.tech,computer science engineering,teaching;technology;trading,product knowledge;problem solving skills;designing skills;python,b.tech computer science engineering teaching;technology;trading product knowledge;problem solving skills;designing skills;python,b.tech computer science engineering,software engineer
m.sc,applied geology,govt. job,c++,m.sc applied geology govt. job c++,m.sc applied geology,other
b.sc,computer science engineering,technology,"programming, team work, c++, problem solving skills, designing skills, ios","b.sc computer science engineering technology programming, team work, c++, problem solving skills, designing skills, ios",b.sc computer science engineering,software engineer
bachelor of journalism,journalism,research;teaching;content writing,active listening;business knowledge;communication skills;mass communication;hr,bachelor of journalism journalism research;teaching;content writing active listening;business knowledge;communication skills;mass communication;hr,bachelor of journalism journalism,journalist
b.e,automobile engineering,"social justice, take risk for profits, technology, understand human behaviour","critical thinking, business knowledge, java, people management, work under pressure, leadership, product knowledge, team work, risk managing","b.e automobile engineering social justice, take risk for profits, technology, understand human behaviour critical thinking, business knowledge, java, people management, work under pressure, leadership, product knowledge, team work, risk managing",b.e automobile engineering,automobile engineer
mba,finances,financial analysis;understand human behaviour;govt. job,accounting skills;hardware skills;product knowledge;data visualization skills( power bi/ tableau ),mba finances financial analysis;understand human behaviour;govt. job accounting skills;hardware skills;product knowledge;data visualization skills( power bi/ tableau ),mba finances,financial analyst
b.tech,information technalogy,technology,"python, java, sql, excel","b.tech information technalogy technology python, java, sql, excel",b.tech information technalogy,software engineer
b.tech,computer science engineering,digital marketing;data scientist;web development;all fields related to data science.,data visualization skills( power bi/ tableau );machine learning skills;c++;presentation skills;r;python;artificial intelligence;sql;content creation;java;cloud computing;aws,b.tech computer science engineering digital marketing;data scientist;web development;all fields related to data science. data visualization skills( power bi/ tableau );machine learning skills;c++;presentation skills;r;python;artificial intelligence;sql;content creation;java;cloud computing;aws,b.tech computer science engineering,software engineer
be,mechanical engineering,research;technology;supply chain analysis;information technology,active listening;critical thinking;analytical skills;communication skills;negotiation skills;designing skills;java,be mechanical engineering research;technology;supply chain analysis;information technology active listening;critical thinking;analytical skills;communication skills;negotiation skills;designing skills;java,be mechanical engineering,engineer
be,electrical and electronics engineering,data scientist,python,be electrical and electronics engineering data scientist python,be electrical and electronics engineering,engineer
b.tech,engineering,"research, sales/marketing, entrepreneurship, operations","critical thinking, analytic thinking, people management, work under pressure, product knowledge, market study, team work, excel, interpersonal skills, problem solving skills, sales","b.tech engineering research, sales/marketing, entrepreneurship, operations critical thinking, analytic thinking, people management, work under pressure, product knowledge, market study, team work, excel, interpersonal skills, problem solving skills, sales",b.tech engineering,engineer
b.tech,computer science and engineering,technology,no,b.tech computer science and engineering technology no,b.tech computer science and engineering,software engineer
b.tech,electrical and electronics engineering,"technology,entrepreneurship","active listening, programming, work under pressure, teamwork,excel,logical skills interpersonal skills, presentation skills, reading","b.tech electrical and electronics engineering technology,entrepreneurship active listening, programming, work under pressure, teamwork,excel,logical skills interpersonal skills, presentation skills, reading",b.tech electrical and electronics engineering,engineer
b.tech,mechanical engineering,financial analysis;news coverage;research;sales/marketing;social justice;technology;web designing;content writing;data analytics;digital marketing;data scientist;web development;market reserach;social media marketing;blockchain;salesforce admin;construction;construction manegement,active listening;programming language skills;critical thinking;gathering information;artistic/creative skills;negotiation skills;leadership;social media marketing;interpersonal skills;c++;presentation skills;python;sql,b.tech mechanical engineering financial analysis;news coverage;research;sales/marketing;social justice;technology;web designing;content writing;data analytics;digital marketing;data scientist;web development;market reserach;social media marketing;blockchain;salesforce admin;construction;construction manegement active listening;programming language skills;critical thinking;gathering information;artistic/creative skills;negotiation skills;leadership;social media marketing;interpersonal skills;c++;presentation skills;python;sql,b.tech mechanical engineering,mechanical engineer
b.com,computer applications,sales/marketing;technology;understand human behaviour;data analytics;game industry;data scientist;web development,accounting skills;programming language skills;gathering information;business knowledge;analytical skills;product knowledge;problem solving skills;sales;social media marketing;python;sql;client management,b.com computer applications sales/marketing;technology;understand human behaviour;data analytics;game industry;data scientist;web development accounting skills;programming language skills;gathering information;business knowledge;analytical skills;product knowledge;problem solving skills;sales;social media marketing;python;sql;client management,b.com computer applications,software engineer
b.com,accountancy,"financial analysis, entrepreneurship","gathering informing, business knowledge","b.com accountancy financial analysis, entrepreneurship gathering informing, business knowledge",b.com accountancy,accountant
b.com,business administration,sales/marketing,leadership,b.com business administration sales/marketing leadership,b.com business administration,business analyst
b.com,commerce,news coverage,writing,b.com commerce news coverage writing,b.com commerce,accountant
b.com,commerce,news coverage,writing,b.com commerce news coverage writing,b.com commerce,accountant
b.tech,mechanical engineering,design,cad/cae(autocad/catia/ansys/proe/seimensnx),b.tech mechanical engineering design cad/cae(autocad/catia/ansys/proe/seimensnx),b.tech mechanical engineering,mechanical engineer
b.tech,civil engineering,technology;data analytics;data scientist,analytical skills;python;sql,b.tech civil engineering technology;data analytics;data scientist analytical skills;python;sql,b.tech civil engineering,civil engineer
be,information technology,web designing;data analytics;digital marketing;data scientist,programming language skills;critical thinking;problem solving skills;data visualization skills( power bi/ tableau );python;artificial intelligence;sql;java;cloud computing;architecture;aws,be information technology web designing;data analytics;digital marketing;data scientist programming language skills;critical thinking;problem solving skills;data visualization skills( power bi/ tableau );python;artificial intelligence;sql;java;cloud computing;architecture;aws,be information technology,software engineer
bca,mathematics,financial analysis;research;social justice;data analytics;data scientist;web development;social media marketing,critical thinking;analytical skills;people management;mass communication;leadership;editing;problem solving skills;data visualization skills( power bi/ tableau );python;artificial intelligence;sql;cloud computing;architecture;matlab,bca mathematics financial analysis;research;social justice;data analytics;data scientist;web development;social media marketing critical thinking;analytical skills;people management;mass communication;leadership;editing;problem solving skills;data visualization skills( power bi/ tableau );python;artificial intelligence;sql;cloud computing;architecture;matlab,bca mathematics,data analyst
b.tech,electrical and electronics engineering,software job,no,b.tech electrical and electronics engineering software job no,b.tech electrical and electronics engineering,engineer
b.tech,computer science engineering,software job,no,b.tech computer science engineering software job no,b.tech computer science engineering,software engineer
be,mechanical engineering,technology,"work under pressure, team work, excel","be mechanical engineering technology work under pressure, team work, excel",be mechanical engineering,engineer
mba,accountancy,financial analysis,business knowledge,mba accountancy financial analysis business knowledge,mba accountancy,accountant
b.tech,biotechnology,"research, technology","active listening, leadership, team work, interpersonal skills, building rapport","b.tech biotechnology research, technology active listening, leadership, team work, interpersonal skills, building rapport",b.tech biotechnology,biotech researcher
b.tech,computer science engineering,technology,"python, java, sql, c++","b.tech computer science engineering technology python, java, sql, c++",b.tech computer science engineering,software engineer
b.tech,computer science engineering,technology;service;social causes;all fields related to data science.,programming language skills;communication skills;leadership;problem solving skills,b.tech computer science engineering technology;service;social causes;all fields related to data science. programming language skills;communication skills;leadership;problem solving skills,b.tech computer science engineering,software engineer
b.tech,mechanical engineering,design,cad/cae(autocad/catia/ansys/proe/seimensnx),b.tech mechanical engineering design cad/cae(autocad/catia/ansys/proe/seimensnx),b.tech mechanical engineering,mechanical engineer
be,mechanical engineering,technology;trading;data analytics,active listening;programming language skills;gathering information;analytical skills;r;python;sql,be mechanical engineering technology;trading;data analytics active listening;programming language skills;gathering information;analytical skills;r;python;sql,be mechanical engineering,engineer
b.tech,electrical engineering,technology;understand human behaviour;web designing;web development,programming language skills;business knowledge;people management;communication skills;java;good communication skills,b.tech electrical engineering technology;understand human behaviour;web designing;web development programming language skills;business knowledge;people management;communication skills;java;good communication skills,b.tech electrical engineering,electrical engineer
be,mechanical engineering,financial analysis;news coverage;technology;supply chain analysis,active listening;critical thinking;finance related skills;people management;communication skills;negotiation skills;mass communication;leadership;editing;product knowledge;problem solving skills;risk management skills;designing skills;interpersonal skills;presentation skills,be mechanical engineering financial analysis;news coverage;technology;supply chain analysis active listening;critical thinking;finance related skills;people management;communication skills;negotiation skills;mass communication;leadership;editing;product knowledge;problem solving skills;risk management skills;designing skills;interpersonal skills;presentation skills,be mechanical engineering,engineer
be,electrical and electronics,further studies,no,be electrical and electronics further studies no,be electrical and electronics,electrical engineer
b.tech,mechanical engineering,web designing;data analytics;govt. job;game industry;data scientist;all fields related to data science.;industires,active listening;hardware skills;critical thinking;analytical skills;communication skills;negotiation skills;mass communication;leadership;product knowledge;interpersonal skills;presentation skills;python;good communication skills,b.tech mechanical engineering web designing;data analytics;govt. job;game industry;data scientist;all fields related to data science.;industires active listening;hardware skills;critical thinking;analytical skills;communication skills;negotiation skills;mass communication;leadership;product knowledge;interpersonal skills;presentation skills;python;good communication skills,b.tech mechanical engineering,mechanical engineer
b.tech,mining,social justice;technology;industires,hardware skills;product knowledge,b.tech mining social justice;technology;industires hardware skills;product knowledge,b.tech mining,other
b.tech,electronics and communication engineering,teaching,"active listening,work under pressure,team work,presentation skills,reading","b.tech electronics and communication engineering teaching active listening,work under pressure,team work,presentation skills,reading",b.tech electronics and communication engineering,electronics and communication engineer
b.sc,mathematics,research;data analytics;data scientist;market reserach;social causes,active listening;critical thinking;gathering information;analytical skills;editing;problem solving skills;risk management skills;writing skills;c++;r;java;matlab,b.sc mathematics research;data analytics;data scientist;market reserach;social causes active listening;critical thinking;gathering information;analytical skills;editing;problem solving skills;risk management skills;writing skills;c++;r;java;matlab,b.sc mathematics,data analyst
b.tech,electrical and electronics engineering,"cloud computing,technology,data analytics,machine learning,cyber security",cybersecurity;information security;software development life cycle (sdlc);security information and event management (siem);security operations center,"b.tech electrical and electronics engineering cloud computing,technology,data analytics,machine learning,cyber security cybersecurity;information security;software development life cycle (sdlc);security information and event management (siem);security operations center",b.tech electrical and electronics engineering,engineer
b.tech,information technalogy,technology,"java, programming","b.tech information technalogy technology java, programming",b.tech information technalogy,software engineer
b.e,electrical and electronics engineering,"financial analysis, technology","analytic thinking, business knowledge, people management, communication skills, leadership, editing, product knowledge, team work, excel, logical skills, interpersonal skills, presentation skills, problem solving skills, risk managing, reporting, subject knowledge","b.e electrical and electronics engineering financial analysis, technology analytic thinking, business knowledge, people management, communication skills, leadership, editing, product knowledge, team work, excel, logical skills, interpersonal skills, presentation skills, problem solving skills, risk managing, reporting, subject knowledge",b.e electrical and electronics engineering,engineer
bca,electronics & telecommunications engineering,sales/marketing,leadership;designing skills;writing skills;c++;hospitality,bca electronics & telecommunications engineering sales/marketing leadership;designing skills;writing skills;c++;hospitality,bca electronics & telecommunications engineering,telecom engineer
b.com,computer science engineering,sales/marketing,"leadership, product knowledge, team work, excel, sales, building rapport, subject knowledge","b.com computer science engineering sales/marketing leadership, product knowledge, team work, excel, sales, building rapport, subject knowledge",b.com computer science engineering,software engineer
bca,engineerinh,web designing;game industry;web development,programming language skills;critical thinking;editing;writing skills,bca engineerinh web designing;game industry;web development programming language skills;critical thinking;editing;writing skills,bca engineerinh,other
be,c++,higher studies,"communication skills, leadership, team work, excel, interpersonal skills, presentation skills, subject knowledge, autocad, catia","be c++ higher studies communication skills, leadership, team work, excel, interpersonal skills, presentation skills, subject knowledge, autocad, catia",be c++,other
b.tech,sales & marketing,technology;blockchain,c++,b.tech sales & marketing technology;blockchain c++,b.tech sales & marketing,marketing executive
b.tech,c programming,research;technology;game industry;product life cycle management,critical thinking;analytical skills;product knowledge;problem solving skills,b.tech c programming research;technology;game industry;product life cycle management critical thinking;analytical skills;product knowledge;problem solving skills,b.tech c programming,other
be,mechanical engineering,sales/marketing;digital marketing;social media marketing,active listening;critical thinking;communication skills;problem solving skills;designing skills;writing skills;sales;social media marketing;presentation skills,be mechanical engineering sales/marketing;digital marketing;social media marketing active listening;critical thinking;communication skills;problem solving skills;designing skills;writing skills;sales;social media marketing;presentation skills,be mechanical engineering,engineer
b.tech,electronics and communication engineering,application development,"analytic thinking, gathering informing, sql, programming, communication skills, product knowledge, team work, excel, logical skills, interpersonal skills, problem solving skills","b.tech electronics and communication engineering application development analytic thinking, gathering informing, sql, programming, communication skills, product knowledge, team work, excel, logical skills, interpersonal skills, problem solving skills",b.tech electronics and communication engineering,electronics and communication engineer
b.tech,chemical engineering,financial analysis,financial modeling;financial analysis;generally accepted accounting principles (gaap);dcf valuationdcf valuation;equity valuation;m&a analysis,b.tech chemical engineering financial analysis financial modeling;financial analysis;generally accepted accounting principles (gaap);dcf valuationdcf valuation;equity valuation;m&a analysis,b.tech chemical engineering,chemical engineer
b.tech,autocad,technology,"programming, communication skills, linux","b.tech autocad technology programming, communication skills, linux",b.tech autocad,other
b.tech,electronics and communication engineering,design,active listening;artistic/creative skills;analytical skills;designing skills,b.tech electronics and communication engineering design active listening;artistic/creative skills;analytical skills;designing skills,b.tech electronics and communication engineering,electronics and communication engineer
b.com,computer science engineering,entrepreneurship,"accounting skills, interpersonal skills, presentation skills","b.com computer science engineering entrepreneurship accounting skills, interpersonal skills, presentation skills",b.com computer science engineering,software engineer
b.tech,electronics and communication engineering,technology;govt. job;industires;design,active listening;communication skills;editing;machine learning skills,b.tech electronics and communication engineering technology;govt. job;industires;design active listening;communication skills;editing;machine learning skills,b.tech electronics and communication engineering,electronics and communication engineer
b.tech,mechanical engineering,technology,"ai, ml, python","b.tech mechanical engineering technology ai, ml, python",b.tech mechanical engineering,mechanical engineer
b.tech,accountancy,"teaching, technology, entrepreneurship","business knowledge, leadership, news gathering, team work, interpersonal skills, presentation skills, problem solving skills","b.tech accountancy teaching, technology, entrepreneurship business knowledge, leadership, news gathering, team work, interpersonal skills, presentation skills, problem solving skills",b.tech accountancy,accountant
b.tech,mechanical engineering,research,"communication skills, team work","b.tech mechanical engineering research communication skills, team work",b.tech mechanical engineering,mechanical engineer
b.tech,computer science engineering,technology,"ai, ml, python, sql","b.tech computer science engineering technology ai, ml, python, sql",b.tech computer science engineering,software engineer
b.sc,physics,"financial analysis, research, social justice, take risk for profits, trading, understand human behaviour","ml, python, critical thinking, analytic thinking, sql, programming, team work, logical skills, presentation skills, r, subject knowledge","b.sc physics financial analysis, research, social justice, take risk for profits, trading, understand human behaviour ml, python, critical thinking, analytic thinking, sql, programming, team work, logical skills, presentation skills, r, subject knowledge",b.sc physics,research scientist
be,electronics and communication engineering,market reserach;design,business knowledge;product knowledge;problem solving skills;designing skills;machine learning skills,be electronics and communication engineering market reserach;design business knowledge;product knowledge;problem solving skills;designing skills;machine learning skills,be electronics and communication engineering,electronics and communication engineer
bba,electronics and communication engineering,financial analysis,accounting skills;finance related skills;leadership;problem solving skills;presentation skills,bba electronics and communication engineering financial analysis accounting skills;finance related skills;leadership;problem solving skills;presentation skills,bba electronics and communication engineering,electronics and communication engineer
b.sc,statistics,data analytics;govt. job;data scientist;web development,active listening;programming language skills;gathering information;analytical skills;editing;writing skills;machine learning skills;c++;python;sql,b.sc statistics data analytics;govt. job;data scientist;web development active listening;programming language skills;gathering information;analytical skills;editing;writing skills;machine learning skills;c++;python;sql,b.sc statistics,data analyst
m.tech,design,data scientist,analytical skills;cad/cae(autocad/catia/ansys/proe/seimensnx);construction management,m.tech design data scientist analytical skills;cad/cae(autocad/catia/ansys/proe/seimensnx);construction management,m.tech design,designer
b.com,finance,financial analysis;research;technology;understand human behaviour;understand human body;supply chain analysis;content writing;govt. job;home interior design;social causes;design,accounting skills;artistic/creative skills;business knowledge;communication skills;mass communication;editing;problem solving skills;designing skills;writing skills;c++;presentation skills;python;content creation;architecture,b.com finance financial analysis;research;technology;understand human behaviour;understand human body;supply chain analysis;content writing;govt. job;home interior design;social causes;design accounting skills;artistic/creative skills;business knowledge;communication skills;mass communication;editing;problem solving skills;designing skills;writing skills;c++;presentation skills;python;content creation;architecture,b.com finance,financial analyst
b.tech,computer science,financial analysis,"communication skills, c++, reading, subject knowledge","b.tech computer science financial analysis communication skills, c++, reading, subject knowledge",b.tech computer science,software engineer
bba,civil engineering,"sales/marketing, trading, entrepreneurship","creativity skills, sales","bba civil engineering sales/marketing, trading, entrepreneurship creativity skills, sales",bba civil engineering,engineer
b.sc,"accounting, designing",research;technology;data analytics,programming language skills;critical thinking;gathering information;artistic/creative skills;communication skills;leadership;designing skills;wealth management;python;sql,"b.sc accounting, designing research;technology;data analytics programming language skills;critical thinking;gathering information;artistic/creative skills;communication skills;leadership;designing skills;wealth management;python;sql","b.sc accounting, designing",accountant
be,mechanical engineering,research;technology;understand human behaviour;data analytics;govt. job;home interior design;retailer;data scientist;web development;market reserach;social media marketing;all fields related to data science.,accounting skills;active listening;hardware skills;programming language skills;designing skills;writing skills;data visualization skills( power bi/ tableau );python;sql;hr;good communication skills,be mechanical engineering research;technology;understand human behaviour;data analytics;govt. job;home interior design;retailer;data scientist;web development;market reserach;social media marketing;all fields related to data science. accounting skills;active listening;hardware skills;programming language skills;designing skills;writing skills;data visualization skills( power bi/ tableau );python;sql;hr;good communication skills,be mechanical engineering,engineer
b.sc,business administration,home interior design,designing skills,b.sc business administration home interior design designing skills,b.sc business administration,business analyst
b.tech,computer science engineering,"web development,information technology,blockchain,digital marketing,game industry",linux;ibm aix;shell scripting;domain name system (dns);secure shell (ssh);python;shell scripting;git;jenkins;puppet;ansible;nagios,"b.tech computer science engineering web development,information technology,blockchain,digital marketing,game industry linux;ibm aix;shell scripting;domain name system (dns);secure shell (ssh);python;shell scripting;git;jenkins;puppet;ansible;nagios",b.tech computer science engineering,software engineer
b.com,electrical and electronics engineering,financial analysis;govt. job,accounting skills;active listening;critical thinking;artistic/creative skills;business knowledge;analytical skills;finance related skills;people management;leadership;problem solving skills;writing skills;hr;good communication skills,b.com electrical and electronics engineering financial analysis;govt. job accounting skills;active listening;critical thinking;artistic/creative skills;business knowledge;analytical skills;finance related skills;people management;leadership;problem solving skills;writing skills;hr;good communication skills,b.com electrical and electronics engineering,engineer
b.e,dietician,"news coverage, research, teaching, technology","ai, ml, python, java, sql, programming, communication skills, work under pressure, leadership, product knowledge, creativity skills, c++, linux, problem solving skills, writing, observation skills, risk managing, reporting","b.e dietician news coverage, research, teaching, technology ai, ml, python, java, sql, programming, communication skills, work under pressure, leadership, product knowledge, creativity skills, c++, linux, problem solving skills, writing, observation skills, risk managing, reporting",b.e dietician,other
be,computer science engineering,technology,programming,be computer science engineering technology programming,be computer science engineering,software engineer
bachelor of journalism,commerce,news coverage;content writing;social media marketing,analytical skills;people management;mass communication;problem solving skills;writing skills;social media marketing;content creation,bachelor of journalism commerce news coverage;content writing;social media marketing analytical skills;people management;mass communication;problem solving skills;writing skills;social media marketing;content creation,bachelor of journalism commerce,accountant
b.tech,computer science engineering,technology;data scientist,programming language skills;critical thinking;communication skills;data visualization skills( power bi/ tableau );machine learning skills;c++;presentation skills;python;artificial intelligence;sql;java,b.tech computer science engineering technology;data scientist programming language skills;critical thinking;communication skills;data visualization skills( power bi/ tableau );machine learning skills;c++;presentation skills;python;artificial intelligence;sql;java,b.tech computer science engineering,software engineer
b.tech,automobile engineering,machine learning,python;sql,b.tech automobile engineering machine learning python;sql,b.tech automobile engineering,automobile engineer
b.tech,"reporting, anchoring, tv journalism, advertising & radio",software,"ml, python, sql, r","b.tech reporting, anchoring, tv journalism, advertising & radio software ml, python, sql, r","b.tech reporting, anchoring, tv journalism, advertising & radio",journalist
b.tech,computer science engineering,technology,"ml, python, sql, r, tableau","b.tech computer science engineering technology ml, python, sql, r, tableau",b.tech computer science engineering,software engineer
b.tech,aerospace engineering,financial analysis;research;data analytics;data scientist,active listening;business knowledge;leadership;designing skills,b.tech aerospace engineering financial analysis;research;data analytics;data scientist active listening;business knowledge;leadership;designing skills,b.tech aerospace engineering,aerospace engineer
b.tech,aerospace engineering,financial analysis;research;data analytics;web development;all fields related to data science.,active listening;business knowledge,b.tech aerospace engineering financial analysis;research;data analytics;web development;all fields related to data science. active listening;business knowledge,b.tech aerospace engineering,aerospace engineer
b.tech,electrical and electronics engineering,technology,pgdca,b.tech electrical and electronics engineering technology pgdca,b.tech electrical and electronics engineering,engineer
b.tech,computer science engineering,technology,programming,b.tech computer science engineering technology programming,b.tech computer science engineering,software engineer
b.com,computers,content writing,artistic/creative skills;content creation,b.com computers content writing artistic/creative skills;content creation,b.com computers,software engineer
b.tech,mechanical engineering,research;sales/marketing;social justice;technology;understand human behaviour;data analytics,programming language skills;critical thinking;analytical skills;communication skills;product knowledge;machine learning skills;python;sql;cloud computing,b.tech mechanical engineering research;sales/marketing;social justice;technology;understand human behaviour;data analytics programming language skills;critical thinking;analytical skills;communication skills;product knowledge;machine learning skills;python;sql;cloud computing,b.tech mechanical engineering,mechanical engineer
b.sc,computer science engineering,trading;web designing;data analytics;govt. job,programming language skills;analytical skills;editing;data visualization skills( power bi/ tableau );machine learning skills;python;java,b.sc computer science engineering trading;web designing;data analytics;govt. job programming language skills;analytical skills;editing;data visualization skills( power bi/ tableau );machine learning skills;python;java,b.sc computer science engineering,software engineer
b.tech,computer science engineering,technology,"ai, ml, python, critical thinking, analytic thinking, gathering informing, artistic skills, java, sql, programming, communication skills, negotiation skills, work under pressure, leadership, product knowledge, creativity skills, team work, excel, presentation skills, c++, linux, problem solving skills, mass communication, writing, tableau, reading, designing skills, building rapport, subject knowledge","b.tech computer science engineering technology ai, ml, python, critical thinking, analytic thinking, gathering informing, artistic skills, java, sql, programming, communication skills, negotiation skills, work under pressure, leadership, product knowledge, creativity skills, team work, excel, presentation skills, c++, linux, problem solving skills, mass communication, writing, tableau, reading, designing skills, building rapport, subject knowledge",b.tech computer science engineering,software engineer
be,mobile communications,technology;web designing;web development,active listening;hardware skills;programming language skills;business knowledge;people management;communication skills;writing skills;machine learning skills;c++;presentation skills;python;sql;content creation;java;matlab;good communication skills,be mobile communications technology;web designing;web development active listening;hardware skills;programming language skills;business knowledge;people management;communication skills;writing skills;machine learning skills;c++;presentation skills;python;sql;content creation;java;matlab;good communication skills,be mobile communications,other
m.com,accountancy,"financial analysis, take risk for profits, entrepreneurship","accounting skills, business knowledge, communication skills, leadership, cost accounting, market study","m.com accountancy financial analysis, take risk for profits, entrepreneurship accounting skills, business knowledge, communication skills, leadership, cost accounting, market study",m.com accountancy,accountant
b.tech,electronics and communication engineering,data analytics,no,b.tech electronics and communication engineering data analytics no,b.tech electronics and communication engineering,electronics and communication engineer
be,computer science engineering,all fields related to data science.,active listening;critical thinking;analytical skills;communication skills;problem solving skills;data visualization skills( power bi/ tableau );presentation skills,be computer science engineering all fields related to data science. active listening;critical thinking;analytical skills;communication skills;problem solving skills;data visualization skills( power bi/ tableau );presentation skills,be computer science engineering,software engineer
b.tech,electronics and communication engineering,technology;data analytics;data scientist,active listening;programming language skills;critical thinking;gathering information;analytical skills;finance related skills;communication skills;negotiation skills;leadership;problem solving skills;machine learning skills;python;sql;good communication skills,b.tech electronics and communication engineering technology;data analytics;data scientist active listening;programming language skills;critical thinking;gathering information;analytical skills;finance related skills;communication skills;negotiation skills;leadership;problem solving skills;machine learning skills;python;sql;good communication skills,b.tech electronics and communication engineering,electronics and communication engineer
b.com,commerce,financial analysis,"communication skills, work under pressure, team work, problem solving skills","b.com commerce financial analysis communication skills, work under pressure, team work, problem solving skills",b.com commerce,accountant
b.tech,electrical and electronics engineering,further studies,no,b.tech electrical and electronics engineering further studies no,b.tech electrical and electronics engineering,engineer
b.tech,electrical and electronics engineering,software job,no,b.tech electrical and electronics engineering software job no,b.tech electrical and electronics engineering,engineer
b.tech,computers,research;teaching;data analytics,leadership;sql,b.tech computers research;teaching;data analytics leadership;sql,b.tech computers,software engineer
b.sc,computer science engineering,financial analysis;research;technology;data analytics;digital marketing,active listening;programming language skills;critical thinking;gathering information;analytical skills;people management;data visualization skills( power bi/ tableau );presentation skills;python,b.sc computer science engineering financial analysis;research;technology;data analytics;digital marketing active listening;programming language skills;critical thinking;gathering information;analytical skills;people management;data visualization skills( power bi/ tableau );presentation skills;python,b.sc computer science engineering,software engineer
be,computer science engineering,technology;web designing;data analytics;all fields related to data science.,active listening;programming language skills;c++;python;sql;java;cloud computing,be computer science engineering technology;web designing;data analytics;all fields related to data science. active listening;programming language skills;c++;python;sql;java;cloud computing,be computer science engineering,software engineer
b.tech,electronics and communication engineering,"vlsi,technology","core skills,programming","b.tech electronics and communication engineering vlsi,technology core skills,programming",b.tech electronics and communication engineering,electronics and communication engineer
b.tech,electrical engineering,sales/marketing;data scientist,active listening;business knowledge;people management;leadership;product knowledge;machine learning skills;sales;r,b.tech electrical engineering sales/marketing;data scientist active listening;business knowledge;people management;leadership;product knowledge;machine learning skills;sales;r,b.tech electrical engineering,electrical engineer
b.sc,computer science engineering,teaching,c++,b.sc computer science engineering teaching c++,b.sc computer science engineering,software engineer
b.sc,animation,animation,2d/3d animation,b.sc animation animation 2d/3d animation,b.sc animation,other
b.com,accounts,financial analysis;technology;data analytics,active listening;gathering information;business knowledge;analytical skills;people management;product knowledge,b.com accounts financial analysis;technology;data analytics active listening;gathering information;business knowledge;analytical skills;people management;product knowledge,b.com accounts,accountant
b.tech,civil engineering,construction and development,"creativity skills, risk managing, reporting, reading, subject knowledge","b.tech civil engineering construction and development creativity skills, risk managing, reporting, reading, subject knowledge",b.tech civil engineering,civil engineer
b.pharmacy,pharma d,social causes,people management;civil & criminal law,b.pharmacy pharma d social causes people management;civil & criminal law,b.pharmacy pharma d,other
b.tech,sales & marketing,technology,"ai, ml, python","b.tech sales & marketing technology ai, ml, python",b.tech sales & marketing,marketing executive
b.com,computer applications,financial analysis,accounting skills,b.com computer applications financial analysis accounting skills,b.com computer applications,software engineer
b.tech,civil engineering,construction;urban planning,"proeficiency in software like staad pro, etabs","b.tech civil engineering construction;urban planning proeficiency in software like staad pro, etabs",b.tech civil engineering,civil engineer
b.tech,civil engineering,financial analysis;industires;design;urban planning;project management,"communication skills;negotiation skills;leadership;proeficiency in software like staad pro, etabs","b.tech civil engineering financial analysis;industires;design;urban planning;project management communication skills;negotiation skills;leadership;proeficiency in software like staad pro, etabs",b.tech civil engineering,civil engineer
m.tech,computer science engineering,"teaching, technology, understand human behaviour, understand human body","python, java, sql","m.tech computer science engineering teaching, technology, understand human behaviour, understand human body python, java, sql",m.tech computer science engineering,software engineer
b.sc,statistics,"research, teaching, entrepreneurship, understand human behaviour","ai, ml, editing, market study, team work","b.sc statistics research, teaching, entrepreneurship, understand human behaviour ai, ml, editing, market study, team work",b.sc statistics,data analyst
ba,hindi education and geography,financial analysis;understand human behaviour;understand human body;data analytics;govt. job,product knowledge;problem solving skills;client management,ba hindi education and geography financial analysis;understand human behaviour;understand human body;data analytics;govt. job product knowledge;problem solving skills;client management,ba hindi education and geography,gis analyst
bca,"software engineering, java programming, web development",technology;trading;web designing;data analytics;govt. job;data scientist,hardware skills;programming language skills;gathering information;artistic/creative skills;editing;designing skills;data visualization skills( power bi/ tableau );c++;python;sql,"bca software engineering, java programming, web development technology;trading;web designing;data analytics;govt. job;data scientist hardware skills;programming language skills;gathering information;artistic/creative skills;editing;designing skills;data visualization skills( power bi/ tableau );c++;python;sql","bca software engineering, java programming, web development",other
ma,kathak dance,teaching;govt. job,artistic/creative skills;teaching,ma kathak dance teaching;govt. job artistic/creative skills;teaching,ma kathak dance,other
b.tech,mechanical engineering,financial analysis;research;teaching;technology;trading;data analytics;data scientist;gardening,programming language skills;analytical skills;communication skills;negotiation skills;mass communication;leadership;risk management skills;data visualization skills( power bi/ tableau );machine learning skills;r;python;sql;good communication skills;teaching,b.tech mechanical engineering financial analysis;research;teaching;technology;trading;data analytics;data scientist;gardening programming language skills;analytical skills;communication skills;negotiation skills;mass communication;leadership;risk management skills;data visualization skills( power bi/ tableau );machine learning skills;r;python;sql;good communication skills;teaching,b.tech mechanical engineering,mechanical engineer
b.tech,electrical and electronics engineering,software job,no,b.tech electrical and electronics engineering software job no,b.tech electrical and electronics engineering,engineer
b.e.,automobile engineering,research,"critical thinking, analytic thinking, work under pressure, leadership, team work, excel, logical skills, interpersonal skills, presentation skills, observation skills, designing skills, subject knowledge","b.e. automobile engineering research critical thinking, analytic thinking, work under pressure, leadership, team work, excel, logical skills, interpersonal skills, presentation skills, observation skills, designing skills, subject knowledge",b.e. automobile engineering,automobile engineer
b.tech,biotechnology,"research,understand human body,biotechnology",molecular biology;structural biology. nucleic acid - protein interactions. data analysis,"b.tech biotechnology research,understand human body,biotechnology molecular biology;structural biology. nucleic acid - protein interactions. data analysis",b.tech biotechnology,biotech researcher
b.tech,civil engineering,construction;construction manegement;urban planning,"proeficiency in software like staad pro, etabs","b.tech civil engineering construction;construction manegement;urban planning proeficiency in software like staad pro, etabs",b.tech civil engineering,civil engineer
b.tech,computer science engineering,"technology,entrepreneurship","programming,leadership skills,presentation skills,team work","b.tech computer science engineering technology,entrepreneurship programming,leadership skills,presentation skills,team work",b.tech computer science engineering,software engineer
b.tech,mechanical engineering,research;technology,data visualization skills( power bi/ tableau );machine learning skills;python;artificial intelligence,b.tech mechanical engineering research;technology data visualization skills( power bi/ tableau );machine learning skills;python;artificial intelligence,b.tech mechanical engineering,mechanical engineer
b.sc,mathematics,"financial analysis, news coverage, social justice, teaching","ai, ml, python, critical thinking, analytic thinking, team work, logical skills, r, problem solving skills, tableau, observation skills, reading","b.sc mathematics financial analysis, news coverage, social justice, teaching ai, ml, python, critical thinking, analytic thinking, team work, logical skills, r, problem solving skills, tableau, observation skills, reading",b.sc mathematics,data analyst
b.sc,biological sciences,financial analysis;data analytics,accounting skills;active listening;critical thinking;business knowledge;analytical skills;finance related skills;people management;communication skills;machine learning skills,b.sc biological sciences financial analysis;data analytics accounting skills;active listening;critical thinking;business knowledge;analytical skills;finance related skills;people management;communication skills;machine learning skills,b.sc biological sciences,other
b.sc,zoology,technology,editing;writing skills;c++;medical knowledge,b.sc zoology technology editing;writing skills;c++;medical knowledge,b.sc zoology,biologist
ballb,criminal justice/ law enforcement administration,litigation & legal service,civil & criminal law,ballb criminal justice/ law enforcement administration litigation & legal service civil & criminal law,ballb criminal justice/ law enforcement administration,lawyer
be,electrical and electronics engineering,data analytics;data scientist;all fields related to data science.,problem solving skills;writing skills;data visualization skills( power bi/ tableau );machine learning skills;presentation skills;python;sql;good communication skills,be electrical and electronics engineering data analytics;data scientist;all fields related to data science. problem solving skills;writing skills;data visualization skills( power bi/ tableau );machine learning skills;presentation skills;python;sql;good communication skills,be electrical and electronics engineering,engineer
be,computer science engineering,technology;web designing;social media marketing,programming language skills;c++;r;python;java,be computer science engineering technology;web designing;social media marketing programming language skills;c++;r;python;java,be computer science engineering,software engineer
b.e,computer science engineering,software developer,"python, java, sql","b.e computer science engineering software developer python, java, sql",b.e computer science engineering,software engineer
be,mechanical engineering,research;teaching;trading;data analytics;govt. job,analytical skills;data visualization skills( power bi/ tableau );machine learning skills;r;python;sql,be mechanical engineering research;teaching;trading;data analytics;govt. job analytical skills;data visualization skills( power bi/ tableau );machine learning skills;r;python;sql,be mechanical engineering,engineer
b.tech,civil engineering,"financial analysis, research, technology, entrepreneurship","active listening, ai, ml, python, critical thinking, analytic thinking, sql, programming, communication skills, leadership, market study, team work, tableau","b.tech civil engineering financial analysis, research, technology, entrepreneurship active listening, ai, ml, python, critical thinking, analytic thinking, sql, programming, communication skills, leadership, market study, team work, tableau",b.tech civil engineering,civil engineer
bba,management,sales/marketing;supply chain analysis;game industry;service,active listening;critical thinking;business knowledge;people management;problem solving skills;risk management skills,bba management sales/marketing;supply chain analysis;game industry;service active listening;critical thinking;business knowledge;people management;problem solving skills;risk management skills,bba management,business analyst
be,mechanical engineering,sports industry,gathering information,be mechanical engineering sports industry gathering information,be mechanical engineering,engineer
m.tech,aeronautical,financial analysis;research;technology;understand human behaviour,people management;communication skills;mass communication;leadership;problem solving skills;risk management skills;client management,m.tech aeronautical financial analysis;research;technology;understand human behaviour people management;communication skills;mass communication;leadership;problem solving skills;risk management skills;client management,m.tech aeronautical,other
b.com,accountancy,"financial analysis, take risk for profits, trading, entrepreneurship, understand human behaviour","accounting skills, gathering informing, business knowledge, people management, communication skills, editing, cost accounting, market study, team work, excel, logical skills, presentation skills, wealth management, problem solving skills, writing, risk managing, reading, sales, subject knowledge","b.com accountancy financial analysis, take risk for profits, trading, entrepreneurship, understand human behaviour accounting skills, gathering informing, business knowledge, people management, communication skills, editing, cost accounting, market study, team work, excel, logical skills, presentation skills, wealth management, problem solving skills, writing, risk managing, reading, sales, subject knowledge",b.com accountancy,accountant
b.tech,electronics and communication engineering,technology;data scientist,programming language skills;machine learning skills;python;sql;aws,b.tech electronics and communication engineering technology;data scientist programming language skills;machine learning skills;python;sql;aws,b.tech electronics and communication engineering,electronics and communication engineer
ba,general studies,trading;supply chain analysis;content writing;market reserach;social media marketing,active listening;business knowledge;communication skills;negotiation skills;product knowledge;writing skills,ba general studies trading;supply chain analysis;content writing;market reserach;social media marketing active listening;business knowledge;communication skills;negotiation skills;product knowledge;writing skills,ba general studies,teacher
be,mechanical engineering,data analytics,programming language skills;gathering information;artistic/creative skills;analytical skills;people management;communication skills;leadership;problem solving skills;risk management skills;sql;java,be mechanical engineering data analytics programming language skills;gathering information;artistic/creative skills;analytical skills;people management;communication skills;leadership;problem solving skills;risk management skills;sql;java,be mechanical engineering,engineer
b.sc,computer science,data scientist,active listening;programming language skills;communication skills;writing skills;data visualization skills( power bi/ tableau );machine learning skills;python;artificial intelligence;sql;medical knowledge,b.sc computer science data scientist active listening;programming language skills;communication skills;writing skills;data visualization skills( power bi/ tableau );machine learning skills;python;artificial intelligence;sql;medical knowledge,b.sc computer science,data analyst
be,computer science engineering,"technology, trading, entrepreneurship","active listening, ai, ml, python, critical thinking, analytic thinking, java, sql, oracle, programming, communication skills, work under pressure, leadership, editing, excel, logical skills, c++, r, linux, problem solving skills, observation skills","be computer science engineering technology, trading, entrepreneurship active listening, ai, ml, python, critical thinking, analytic thinking, java, sql, oracle, programming, communication skills, work under pressure, leadership, editing, excel, logical skills, c++, r, linux, problem solving skills, observation skills",be computer science engineering,software engineer
b.tech,electrical and electronics engineering,technology,power system engineering,b.tech electrical and electronics engineering technology power system engineering,b.tech electrical and electronics engineering,engineer
b.tech,computer science,financial analysis;research;technology;web designing;data analytics;game industry,active listening;programming language skills;critical thinking;gathering information;artistic/creative skills;business knowledge;analytical skills;product knowledge;problem solving skills;risk management skills;designing skills;writing skills;data visualization skills( power bi/ tableau );machine learning skills;c++;r;linux;python;artificial intelligence;sql;java;cloud computing;architecture,b.tech computer science financial analysis;research;technology;web designing;data analytics;game industry active listening;programming language skills;critical thinking;gathering information;artistic/creative skills;business knowledge;analytical skills;product knowledge;problem solving skills;risk management skills;designing skills;writing skills;data visualization skills( power bi/ tableau );machine learning skills;c++;r;linux;python;artificial intelligence;sql;java;cloud computing;architecture,b.tech computer science,software engineer
bachelor of journalism,mass communication,news coverage;technology;content writing;govt. job;game industry;digital marketing;social media marketing,active listening;communication skills;negotiation skills;mass communication;leadership;editing;writing skills;social media marketing;content creation;medical knowledge;java;cloud computing;architecture;hospitality;hr;good communication skills,bachelor of journalism mass communication news coverage;technology;content writing;govt. job;game industry;digital marketing;social media marketing active listening;communication skills;negotiation skills;mass communication;leadership;editing;writing skills;social media marketing;content creation;medical knowledge;java;cloud computing;architecture;hospitality;hr;good communication skills,bachelor of journalism mass communication,other
be,computer engineering,technology;data analytics;data scientist,programming language skills;analytical skills;communication skills;leadership;product knowledge;problem solving skills;writing skills;data visualization skills( power bi/ tableau );machine learning skills;wealth management;presentation skills;r;python;artificial intelligence;sql;cloud computing;matlab;client management;good communication skills,be computer engineering technology;data analytics;data scientist programming language skills;analytical skills;communication skills;leadership;product knowledge;problem solving skills;writing skills;data visualization skills( power bi/ tableau );machine learning skills;wealth management;presentation skills;r;python;artificial intelligence;sql;cloud computing;matlab;client management;good communication skills,be computer engineering,software engineer
b.e,mechanical engineering,"financial analysis, social justice, trading, entrepreneurship","active listening, ml, python, critical thinking, analytic thinking, gathering informing, sql, communication skills, team work, excel","b.e mechanical engineering financial analysis, social justice, trading, entrepreneurship active listening, ml, python, critical thinking, analytic thinking, gathering informing, sql, communication skills, team work, excel",b.e mechanical engineering,engineer
b.tech,genetic engineering,"research,understand human body,biotechnology","life science molecular biology genetics;
polymerase chain reaction (pcr);
protein expression;
biochemistry
·","b.tech genetic engineering research,understand human body,biotechnology life science molecular biology genetics;
polymerase chain reaction (pcr);
protein expression;
biochemistry
·",b.tech genetic engineering,engineer
b.tech,computer science engineering,"data analytics,machine learning,cloud computing",amazon web services (aws)sql;java,"b.tech computer science engineering data analytics,machine learning,cloud computing amazon web services (aws)sql;java",b.tech computer science engineering,software engineer
mba,hospital administration,financial analysis;sales/marketing;supply chain analysis,negotiation skills;leadership;product knowledge;problem solving skills;good communication skills,mba hospital administration financial analysis;sales/marketing;supply chain analysis negotiation skills;leadership;product knowledge;problem solving skills;good communication skills,mba hospital administration,other
b.pharm,sales & marketing,sales/marketing,"people management, communication skills, negotiation skills","b.pharm sales & marketing sales/marketing people management, communication skills, negotiation skills",b.pharm sales & marketing,marketing executive
bba,management,sales/marketing;sap consultant in mm;product life cycle management,leadership;risk management skills;wealth management;client management,bba management sales/marketing;sap consultant in mm;product life cycle management leadership;risk management skills;wealth management;client management,bba management,business analyst
b.com,commerce,web designing;data analytics;game industry;digital marketing;data scientist,editing;risk management skills;designing skills;data visualization skills( power bi/ tableau );machine learning skills;r;python;sql,b.com commerce web designing;data analytics;game industry;digital marketing;data scientist editing;risk management skills;designing skills;data visualization skills( power bi/ tableau );machine learning skills;r;python;sql,b.com commerce,accountant
b.com,commerce,research;sales/marketing;teaching;technology;trading;web designing;data analytics;game industry;digital marketing;data scientist,editing;problem solving skills;risk management skills;designing skills;c++;r;python;sql,b.com commerce research;sales/marketing;teaching;technology;trading;web designing;data analytics;game industry;digital marketing;data scientist editing;problem solving skills;risk management skills;designing skills;c++;r;python;sql,b.com commerce,accountant
commercial art visual art,architecture,research,architecture,commercial art visual art architecture research architecture,commercial art visual art architecture,architect
b.tech,information technology,technology;understand human behaviour;data analytics;web development,hardware skills;programming language skills;gathering information;artistic/creative skills;java;hr,b.tech information technology technology;understand human behaviour;data analytics;web development hardware skills;programming language skills;gathering information;artistic/creative skills;java;hr,b.tech information technology,software engineer
b.com,finance,financial analysis;sports industry,accounting skills;active listening;critical thinking;analytical skills;finance related skills;mass communication;problem solving skills;risk management skills;social media marketing,b.com finance financial analysis;sports industry accounting skills;active listening;critical thinking;analytical skills;finance related skills;mass communication;problem solving skills;risk management skills;social media marketing,b.com finance,financial analyst
b.tech,civil engineering,financial analysis;govt. job;project management,project management,b.tech civil engineering financial analysis;govt. job;project management project management,b.tech civil engineering,civil engineer
b.tech,electrical and electronics engineering,"technology,entrepreneurship","creativity skills,leadership,market study, teamwork, programming","b.tech electrical and electronics engineering technology,entrepreneurship creativity skills,leadership,market study, teamwork, programming",b.tech electrical and electronics engineering,engineer
b.sc,physics,govt. job,artistic/creative skills;editing;social media marketing,b.sc physics govt. job artistic/creative skills;editing;social media marketing,b.sc physics,research scientist
b.tech,maths,financial analysis;teaching;understand human behaviour,accounting skills;business knowledge,b.tech maths financial analysis;teaching;understand human behaviour accounting skills;business knowledge,b.tech maths,other
b.tech,computer science engineering,financial analysis;game industry,active listening;programming language skills;people management;communication skills;product knowledge;linux;java,b.tech computer science engineering financial analysis;game industry active listening;programming language skills;people management;communication skills;product knowledge;linux;java,b.tech computer science engineering,software engineer
b.com,mathematics,sales/marketing;trading;understand human behaviour,artistic/creative skills;analytical skills;editing;writing skills,b.com mathematics sales/marketing;trading;understand human behaviour artistic/creative skills;analytical skills;editing;writing skills,b.com mathematics,data analyst
be,dynamics of machine,technology;trading;product life cycle management,gathering information;business knowledge;people management;communication skills;leadership;product knowledge;problem solving skills;risk management skills;client management;good communication skills,be dynamics of machine technology;trading;product life cycle management gathering information;business knowledge;people management;communication skills;leadership;product knowledge;problem solving skills;risk management skills;client management;good communication skills,be dynamics of machine,other
bca,coding,game industry;design;navy defence related,artistic/creative skills;editing;designing skills;python;good communication skills,bca coding game industry;design;navy defence related artistic/creative skills;editing;designing skills;python;good communication skills,bca coding,other
bba,business administration,market reserach;human resource,hr,bba business administration market reserach;human resource hr,bba business administration,business analyst
b.tech,instrumention engineering,entrepreneurship,writing,b.tech instrumention engineering entrepreneurship writing,b.tech instrumention engineering,engineer
b.com,accountancy & finance,financial analysis,accountancy; financial management; cost accountancy; taxation,b.com accountancy & finance financial analysis accountancy; financial management; cost accountancy; taxation,b.com accountancy & finance,accountant
b.com,marketing,news coverage;research;social justice;technology;understand human behaviour;govt. job;digital marketing,active listening;gathering information;artistic/creative skills;communication skills;negotiation skills;medical knowledge,b.com marketing news coverage;research;social justice;technology;understand human behaviour;govt. job;digital marketing active listening;gathering information;artistic/creative skills;communication skills;negotiation skills;medical knowledge,b.com marketing,marketing executive
b.tech,electrical and electronics engineering,technology;trading;data scientist,active listening;hardware skills;programming language skills;critical thinking;mass communication,b.tech electrical and electronics engineering technology;trading;data scientist active listening;hardware skills;programming language skills;critical thinking;mass communication,b.tech electrical and electronics engineering,engineer
b.tech,electrical and electronic engineering,technology;trading;govt. job;infrastructure;social causes,critical thinking;business knowledge;analytical skills;risk management skills,b.tech electrical and electronic engineering technology;trading;govt. job;infrastructure;social causes critical thinking;business knowledge;analytical skills;risk management skills,b.tech electrical and electronic engineering,engineer
b.tech,electronics and communication engineering,financial analysis;technology;data analytics,analytical skills;data visualization skills( power bi/ tableau );machine learning skills;python;sql,b.tech electronics and communication engineering financial analysis;technology;data analytics analytical skills;data visualization skills( power bi/ tableau );machine learning skills;python;sql,b.tech electronics and communication engineering,electronics and communication engineer
b.tech,electronics and communication engineering,financial analysis;technology;data analytics,active listening;programming language skills;critical thinking;business knowledge;analytical skills;communication skills;data visualization skills( power bi/ tableau );machine learning skills;python;artificial intelligence;sql,b.tech electronics and communication engineering financial analysis;technology;data analytics active listening;programming language skills;critical thinking;business knowledge;analytical skills;communication skills;data visualization skills( power bi/ tableau );machine learning skills;python;artificial intelligence;sql,b.tech electronics and communication engineering,electronics and communication engineer
b.sc,computer science engineering,"sales/marketing, technology, entrepreneurship, understand human behaviour","python, java, sql, oracle, programming, logical skills, c++, writing, sales","b.sc computer science engineering sales/marketing, technology, entrepreneurship, understand human behaviour python, java, sql, oracle, programming, logical skills, c++, writing, sales",b.sc computer science engineering,software engineer
b.tech,electronics and communication engineering,"research, technology, entrepreneurship","business knowledge, communication skills, negotiation skills, work under pressure, leadership, editing, product knowledge, team work, logical skills, interpersonal skills, presentation skills, problem solving skills, mass communication, writing, designing skills, subject knowledge","b.tech electronics and communication engineering research, technology, entrepreneurship business knowledge, communication skills, negotiation skills, work under pressure, leadership, editing, product knowledge, team work, logical skills, interpersonal skills, presentation skills, problem solving skills, mass communication, writing, designing skills, subject knowledge",b.tech electronics and communication engineering,electronics and communication engineer
b.tech,electrical and electronics engineering,software job,no,b.tech electrical and electronics engineering software job no,b.tech electrical and electronics engineering,engineer
b.e,automobile engineering,entrepreneurship,"business knowledge, sales","b.e automobile engineering entrepreneurship business knowledge, sales",b.e automobile engineering,automobile engineer
b.tech,computer science engineering,technology,programming language skills;sql;java;good communication skills,b.tech computer science engineering technology programming language skills;sql;java;good communication skills,b.tech computer science engineering,software engineer
be,electronics and communication engineering,research;social justice;teaching;technology;web designing;content writing;data analytics;game industry;data scientist;market reserach;gardening,active listening;programming language skills;critical thinking;gathering information;artistic/creative skills;business knowledge;analytical skills;people management;communication skills;negotiation skills;mass communication;leadership;editing;problem solving skills;risk management skills;designing skills;writing skills;data visualization skills( power bi/ tableau );machine learning skills;c++;presentation skills;python;sql;java;hospitality;hr;matlab;good communication skills,be electronics and communication engineering research;social justice;teaching;technology;web designing;content writing;data analytics;game industry;data scientist;market reserach;gardening active listening;programming language skills;critical thinking;gathering information;artistic/creative skills;business knowledge;analytical skills;people management;communication skills;negotiation skills;mass communication;leadership;editing;problem solving skills;risk management skills;designing skills;writing skills;data visualization skills( power bi/ tableau );machine learning skills;c++;presentation skills;python;sql;java;hospitality;hr;matlab;good communication skills,be electronics and communication engineering,electronics and communication engineer
be,electronics n telecommunication,financial analysis;data analytics,programming language skills;critical thinking;analytical skills;finance related skills;communication skills;negotiation skills;leadership;problem solving skills;designing skills;data visualization skills( power bi/ tableau );interpersonal skills;presentation skills;python;artificial intelligence;good communication skills;teaching,be electronics n telecommunication financial analysis;data analytics programming language skills;critical thinking;analytical skills;finance related skills;communication skills;negotiation skills;leadership;problem solving skills;designing skills;data visualization skills( power bi/ tableau );interpersonal skills;presentation skills;python;artificial intelligence;good communication skills;teaching,be electronics n telecommunication,telecom engineer
be,electrical and electronics engineering,technology,"sql, excel, writing, reporting, reading, building rapport, subject knowledge","be electrical and electronics engineering technology sql, excel, writing, reporting, reading, building rapport, subject knowledge",be electrical and electronics engineering,engineer
be,mechanical engineering,technology,analytical skills;leadership;product knowledge;designing skills;python,be mechanical engineering technology analytical skills;leadership;product knowledge;designing skills;python,be mechanical engineering,engineer
m.tech,computer science engineering,technology;data analytics;data scientist,programming language skills;critical thinking;analytical skills;machine learning skills;python;sql;cloud computing,m.tech computer science engineering technology;data analytics;data scientist programming language skills;critical thinking;analytical skills;machine learning skills;python;sql;cloud computing,m.tech computer science engineering,software engineer
b.tech,computer science engineering,technology;data analytics,programming language skills;analytical skills;machine learning skills;python,b.tech computer science engineering technology;data analytics programming language skills;analytical skills;machine learning skills;python,b.tech computer science engineering,software engineer
b.tech,electrical and electronics engineering,social justice;technology;understand human behaviour;data analytics;game industry,programming language skills;critical thinking;analytical skills;communication skills;writing skills;data visualization skills( power bi/ tableau );machine learning skills;c++;r;python;artificial intelligence;sql;cloud computing;matlab,b.tech electrical and electronics engineering social justice;technology;understand human behaviour;data analytics;game industry programming language skills;critical thinking;analytical skills;communication skills;writing skills;data visualization skills( power bi/ tableau );machine learning skills;c++;r;python;artificial intelligence;sql;cloud computing;matlab,b.tech electrical and electronics engineering,engineer
ballb,law,litigation & legal service,civil & criminal law,ballb law litigation & legal service civil & criminal law,ballb law,lawyer
be,mechanical engineering,technology;data analytics;data scientist;oil and gas,programming language skills;product knowledge;risk management skills;machine learning skills;python;excel,be mechanical engineering technology;data analytics;data scientist;oil and gas programming language skills;product knowledge;risk management skills;machine learning skills;python;excel,be mechanical engineering,engineer
b.tech,mechanical engineering,research;technology,cad/cae(autocad/catia/ansys/proe/seimensnx),b.tech mechanical engineering research;technology cad/cae(autocad/catia/ansys/proe/seimensnx),b.tech mechanical engineering,mechanical engineer
b.tech,mechanical engineering,technology,no,b.tech mechanical engineering technology no,b.tech mechanical engineering,mechanical engineer
b.tech,chemical engineering,industires,problem solving skills;process safety management,b.tech chemical engineering industires problem solving skills;process safety management,b.tech chemical engineering,chemical engineer
b.tech,bcom-accounting,"financial analysis,financial law",teamwork ;accounting ;business strategy; team management ;marketing; strategic planning; financial analysis ;management; consulting ;budgeting; financial modelling;financial accounting ;business development ;corporate finance; financial reporting ;financial planning ;forecasting ;financial forecasting; financial metrics;accounts receivable; back reconciliation; business planning; business management; business analysis; managerial finance; financial structuring,"b.tech bcom-accounting financial analysis,financial law teamwork ;accounting ;business strategy; team management ;marketing; strategic planning; financial analysis ;management; consulting ;budgeting; financial modelling;financial accounting ;business development ;corporate finance; financial reporting ;financial planning ;forecasting ;financial forecasting; financial metrics;accounts receivable; back reconciliation; business planning; business management; business analysis; managerial finance; financial structuring",b.tech bcom-accounting,accountant
bba,sales & marketing,"sales/marketing, trading, entrepreneurship","active listening, critical thinking, gathering informing, business knowledge, leadership, team work","bba sales & marketing sales/marketing, trading, entrepreneurship active listening, critical thinking, gathering informing, business knowledge, leadership, team work",bba sales & marketing,marketing executive
master of journalism,political science,news coverage;research;content writing;govt. job,artistic/creative skills;people management;communication skills;mass communication;editing;writing skills,master of journalism political science news coverage;research;content writing;govt. job artistic/creative skills;people management;communication skills;mass communication;editing;writing skills,master of journalism political science,civil services aspirant
bba,accountancy,financial analysis,"accounting skills, python, analytic thinking, gathering informing, business knowledge, cost accounting, sales","bba accountancy financial analysis accounting skills, python, analytic thinking, gathering informing, business knowledge, cost accounting, sales",bba accountancy,accountant
b.e,automobile engineering,"news coverage, research, sales/marketing, entrepreneurship","active listening, critical thinking, analytic thinking, gathering informing, business knowledge, people management, communication skills, negotiation skills, work under pressure, leadership, news gathering, product knowledge, cost accounting, wealth management, observation skills, risk managing","b.e automobile engineering news coverage, research, sales/marketing, entrepreneurship active listening, critical thinking, analytic thinking, gathering informing, business knowledge, people management, communication skills, negotiation skills, work under pressure, leadership, news gathering, product knowledge, cost accounting, wealth management, observation skills, risk managing",b.e automobile engineering,automobile engineer
be,automobile engineering,technology,team work,be automobile engineering technology team work,be automobile engineering,automobile engineer
bca,computer applications,"technology, entrepreneurship, understand human behaviour, understand human body","critical thinking, gathering informing, java, editing, creativity skills, team work, interpersonal skills, building rapport","bca computer applications technology, entrepreneurship, understand human behaviour, understand human body critical thinking, gathering informing, java, editing, creativity skills, team work, interpersonal skills, building rapport",bca computer applications,software developer
b.sc,agriculture,"research, teaching","python, excel, presentation skills, writing, subject knowledge","b.sc agriculture research, teaching python, excel, presentation skills, writing, subject knowledge",b.sc agriculture,agricultural officer
be,mechanical engineering,industires;design,cad/cae(autocad/catia/ansys/proe/seimensnx),be mechanical engineering industires;design cad/cae(autocad/catia/ansys/proe/seimensnx),be mechanical engineering,engineer
b.arch,architectureãš,"research, sales/marketing, understand human behaviour, architecture and construction","active listening, ai, critical thinking, gathering informing, business knowledge, people management, communication skills, negotiation skills, work under pressure, leadership, news gathering, product knowledge, designing skills, architecture and construction","b.arch architectureãš research, sales/marketing, understand human behaviour, architecture and construction active listening, ai, critical thinking, gathering informing, business knowledge, people management, communication skills, negotiation skills, work under pressure, leadership, news gathering, product knowledge, designing skills, architecture and construction",b.arch architectureãš,architect
b.sc,mathematics,financial analysis;research;technology;supply chain analysis,critical thinking;analytical skills;data visualization skills( power bi/ tableau );machine learning skills;python;artificial intelligence,b.sc mathematics financial analysis;research;technology;supply chain analysis critical thinking;analytical skills;data visualization skills( power bi/ tableau );machine learning skills;python;artificial intelligence,b.sc mathematics,data analyst
b.sc,mathematics,"financial analysis, technology","ai, ml, python, analytic thinking, tableau","b.sc mathematics financial analysis, technology ai, ml, python, analytic thinking, tableau",b.sc mathematics,data analyst
b.sc,mathematics,teaching;data analytics,programming language skills;analytical skills;artificial intelligence;sql,b.sc mathematics teaching;data analytics programming language skills;analytical skills;artificial intelligence;sql,b.sc mathematics,data analyst
b.tech,mechanical engineering,technology,"sql, oracle, work under pressure, leadership, editing, cost accounting, creativity skills, market study, team work, excel, linux, ccna","b.tech mechanical engineering technology sql, oracle, work under pressure, leadership, editing, cost accounting, creativity skills, market study, team work, excel, linux, ccna",b.tech mechanical engineering,mechanical engineer
ba,political science,"financial analysis, sales/marketing, trading","accounting skills, gathering informing, business knowledge, people management","ba political science financial analysis, sales/marketing, trading accounting skills, gathering informing, business knowledge, people management",ba political science,civil services aspirant
b.tech,mechanical engineering,technology,"analytic thinking, negotiation skills, team work","b.tech mechanical engineering technology analytic thinking, negotiation skills, team work",b.tech mechanical engineering,mechanical engineer
be,mechanical engineering,financial analysis;data analytics;data scientist,active listening;programming language skills;business knowledge;analytical skills;product knowledge;data visualization skills( power bi/ tableau );machine learning skills;python;artificial intelligence;sql;java,be mechanical engineering financial analysis;data analytics;data scientist active listening;programming language skills;business knowledge;analytical skills;product knowledge;data visualization skills( power bi/ tableau );machine learning skills;python;artificial intelligence;sql;java,be mechanical engineering,engineer
b.com,information technology,technology,"communication skills, negotiation skills, leadership, excel, microsoft windows, networking basic, computer hardware, l3 printer","b.com information technology technology communication skills, negotiation skills, leadership, excel, microsoft windows, networking basic, computer hardware, l3 printer",b.com information technology,software engineer
b.com,accounts,financial analysis;sales/marketing;data analytics,accounting skills;active listening;gathering information;business knowledge;people management;leadership;editing;problem solving skills;data visualization skills( power bi/ tableau );sql;client management,b.com accounts financial analysis;sales/marketing;data analytics accounting skills;active listening;gathering information;business knowledge;people management;leadership;editing;problem solving skills;data visualization skills( power bi/ tableau );sql;client management,b.com accounts,accountant
b.tech,electrical and electronics engineering,technology;govt. job;web development;service;information technology,programming language skills;problem solving skills;sql;java;good communication skills,b.tech electrical and electronics engineering technology;govt. job;web development;service;information technology programming language skills;problem solving skills;sql;java;good communication skills,b.tech electrical and electronics engineering,engineer
mba,human resources,research;sales/marketing;teaching;technology;trading;digital marketing;market reserach;compering,active listening;hardware skills;programming language skills;analytical skills;people management;hr,mba human resources research;sales/marketing;teaching;technology;trading;digital marketing;market reserach;compering active listening;hardware skills;programming language skills;analytical skills;people management;hr,mba human resources,hr executive
b.tech,electronics and communication engineering,web designing;digital marketing;industires;design;blockchain,programming language skills;critical thinking;leadership;machine learning skills;matlab,b.tech electronics and communication engineering web designing;digital marketing;industires;design;blockchain programming language skills;critical thinking;leadership;machine learning skills;matlab,b.tech electronics and communication engineering,electronics and communication engineer
b.tech,civil engineering,data analyst,"creativity skills, programming, teamwork, analytical skills, excel, presentation skills","b.tech civil engineering data analyst creativity skills, programming, teamwork, analytical skills, excel, presentation skills",b.tech civil engineering,civil engineer
be,electronics and communication engineering,content writing;game industry;digital marketing;market reserach,active listening;critical thinking;problem solving skills;writing skills;teaching,be electronics and communication engineering content writing;game industry;digital marketing;market reserach active listening;critical thinking;problem solving skills;writing skills;teaching,be electronics and communication engineering,electronics and communication engineer
b.tech,electronics and communication engineering,data analytics,"c, python, javascript","b.tech electronics and communication engineering data analytics c, python, javascript",b.tech electronics and communication engineering,electronics and communication engineer
b.tech,mathematics,data analytics,programming language skills,b.tech mathematics data analytics programming language skills,b.tech mathematics,data analyst
be,mechanical engineering,financial analysis,critical thinking;negotiation skills;writing skills,be mechanical engineering financial analysis critical thinking;negotiation skills;writing skills,be mechanical engineering,engineer
b.tech,mechanical engineering,"research, product analysis","critical thinking, work under pressure, product knowledge, excel, logical skills, presentation skills, problem solving skills, designing skills","b.tech mechanical engineering research, product analysis critical thinking, work under pressure, product knowledge, excel, logical skills, presentation skills, problem solving skills, designing skills",b.tech mechanical engineering,mechanical engineer
be,data science,technology;trading;data analytics;data scientist;information technology,leadership;data visualization skills( power bi/ tableau );python;sql,be data science technology;trading;data analytics;data scientist;information technology leadership;data visualization skills( power bi/ tableau );python;sql,be data science,other
b.com,commerce,financial analysis;data analytics,accounting skills;active listening;hardware skills;programming language skills;mass communication;editing;problem solving skills;risk management skills;designing skills;writing skills;data visualization skills( power bi/ tableau ),b.com commerce financial analysis;data analytics accounting skills;active listening;hardware skills;programming language skills;mass communication;editing;problem solving skills;risk management skills;designing skills;writing skills;data visualization skills( power bi/ tableau ),b.com commerce,accountant
b.e,maths,"technology, trading","accounting skills, python, artistic skills, communication skills, team work, problem solving skills, writing, designing skills, sales","b.e maths technology, trading accounting skills, python, artistic skills, communication skills, team work, problem solving skills, writing, designing skills, sales",b.e maths,other
be,construction,game industry,editing,be construction game industry editing,be construction,other
b.tech,electrical and electronics engineering,data analytics,analytical skills;editing;python;matlab,b.tech electrical and electronics engineering data analytics analytical skills;editing;python;matlab,b.tech electrical and electronics engineering,engineer
be,automobile engineering,"financial analysis, technology, entrepreneurship","communication skills, team work","be automobile engineering financial analysis, technology, entrepreneurship communication skills, team work",be automobile engineering,automobile engineer
ba,economics,web designing;data analytics;web development,programming language skills;analytical skills;python;good communication skills,ba economics web designing;data analytics;web development programming language skills;analytical skills;python;good communication skills,ba economics,economist
b.tech,electrical and electronics engineering,teaching,problem solving skills,b.tech electrical and electronics engineering teaching problem solving skills,b.tech electrical and electronics engineering,engineer
b.e,electrical and electronics engineering,"financial analysis, research, teaching, technology, data science","active listening, python, sql, programming, people management, communication skills, work under pressure, leadership, creativity skills, team work, excel, logical skills, interpersonal skills, presentation skills, wealth management, c++, r, problem solving skills, mass communication, writing, observation skills, risk managing, reporting, reading, subject knowledge","b.e electrical and electronics engineering financial analysis, research, teaching, technology, data science active listening, python, sql, programming, people management, communication skills, work under pressure, leadership, creativity skills, team work, excel, logical skills, interpersonal skills, presentation skills, wealth management, c++, r, problem solving skills, mass communication, writing, observation skills, risk managing, reporting, reading, subject knowledge",b.e electrical and electronics engineering,engineer
b.com,commerce,"financial analysis, research, sales/marketing, take risk for profits, teaching, technology, trading, entrepreneurship, understand human behaviour","accounting skills, active listening, artistic skills, business knowledge, programming, people management, communication skills, leadership, editing, cost accounting, team work, excel, interpersonal skills, wealth management, problem solving skills, writing, reading, designing skills, sales, subject knowledge","b.com commerce financial analysis, research, sales/marketing, take risk for profits, teaching, technology, trading, entrepreneurship, understand human behaviour accounting skills, active listening, artistic skills, business knowledge, programming, people management, communication skills, leadership, editing, cost accounting, team work, excel, interpersonal skills, wealth management, problem solving skills, writing, reading, designing skills, sales, subject knowledge",b.com commerce,accountant
be,computer science engineering,technology,programming language skills;java,be computer science engineering technology programming language skills;java,be computer science engineering,software engineer
b.sc,computer science engineering,technology,teaching,b.sc computer science engineering technology teaching,b.sc computer science engineering,software engineer
b.tech,biotechnology,"research,understand human body,biotechnology","immunochemistry
immunocytochemistry;
imagej and zen2012 softwares;
sds-page;
thin-layer chromatography (tlc);
agarose gel electrophoresis;
paper chromatography","b.tech biotechnology research,understand human body,biotechnology immunochemistry
immunocytochemistry;
imagej and zen2012 softwares;
sds-page;
thin-layer chromatography (tlc);
agarose gel electrophoresis;
paper chromatography",b.tech biotechnology,biotech researcher
ba,ba in home science,research;social justice;understand human behaviour;content writing;govt. job;home interior design;gardening;infrastructure;social causes,active listening;programming language skills;critical thinking;gathering information;analytical skills;people management;communication skills;leadership;editing;problem solving skills;risk management skills;writing skills;c++;presentation skills;content creation;good communication skills,ba ba in home science research;social justice;understand human behaviour;content writing;govt. job;home interior design;gardening;infrastructure;social causes active listening;programming language skills;critical thinking;gathering information;analytical skills;people management;communication skills;leadership;editing;problem solving skills;risk management skills;writing skills;c++;presentation skills;content creation;good communication skills,ba ba in home science,other
ma,"english, econamics",teaching,teaching,"ma english, econamics teaching teaching","ma english, econamics",content writer
b.tech,mechanical engineering,research;technology;trading;data analytics;game industry,active listening;programming language skills;critical thinking;business knowledge;analytical skills;communication skills;negotiation skills;problem solving skills;data visualization skills( power bi/ tableau );machine learning skills;interpersonal skills;python;sql,b.tech mechanical engineering research;technology;trading;data analytics;game industry active listening;programming language skills;critical thinking;business knowledge;analytical skills;communication skills;negotiation skills;problem solving skills;data visualization skills( power bi/ tableau );machine learning skills;interpersonal skills;python;sql,b.tech mechanical engineering,mechanical engineer
bca,python,research;technology;trading;supply chain analysis;web designing;data analytics;retailer;data scientist;web development;all fields related to data science.;information technology;machine learning;excel,active listening;programming language skills;critical thinking;gathering information;analytical skills;product knowledge;problem solving skills;c++;python;sql;java;cloud computing;php;programming language c;javascript,bca python research;technology;trading;supply chain analysis;web designing;data analytics;retailer;data scientist;web development;all fields related to data science.;information technology;machine learning;excel active listening;programming language skills;critical thinking;gathering information;analytical skills;product knowledge;problem solving skills;c++;python;sql;java;cloud computing;php;programming language c;javascript,bca python,other
be,electrical engineering,all fields related to data science.,programming language skills;critical thinking;analytical skills;communication skills;sql,be electrical engineering all fields related to data science. programming language skills;critical thinking;analytical skills;communication skills;sql,be electrical engineering,engineer
b.sc,mathematics,data scientist,critical thinking;gathering information;analytical skills;python;artificial intelligence;sql,b.sc mathematics data scientist critical thinking;gathering information;analytical skills;python;artificial intelligence;sql,b.sc mathematics,data analyst
b.tech,information technalogy,writing,"work under pressure, team work, interpersonal skills, presentation skills, writing","b.tech information technalogy writing work under pressure, team work, interpersonal skills, presentation skills, writing",b.tech information technalogy,software engineer
bba,management,"financial analysis, news coverage, entrepreneurship, understand human behaviour","accounting skills, critical thinking, business knowledge, communication skills, work under pressure, leadership, excel, logical skills, interpersonal skills, presentation skills, problem solving skills, writing, reading","bba management financial analysis, news coverage, entrepreneurship, understand human behaviour accounting skills, critical thinking, business knowledge, communication skills, work under pressure, leadership, excel, logical skills, interpersonal skills, presentation skills, problem solving skills, writing, reading",bba management,business analyst
b.com,b.com,financial analysis,accounting skills;active listening,b.com b.com financial analysis accounting skills;active listening,b.com b.com,other
ba,economics,financial analysis;research;data analytics;data scientist,critical thinking;business knowledge;analytical skills;communication skills;problem solving skills;data visualization skills( power bi/ tableau );excel,ba economics financial analysis;research;data analytics;data scientist critical thinking;business knowledge;analytical skills;communication skills;problem solving skills;data visualization skills( power bi/ tableau );excel,ba economics,economist
b.com,principal of business management,news coverage;research;trading;understand human behaviour;content writing;data analytics;game industry,accounting skills;active listening;critical thinking;gathering information;artistic/creative skills;business knowledge;analytical skills;people management;leadership;hospitality;hr,b.com principal of business management news coverage;research;trading;understand human behaviour;content writing;data analytics;game industry accounting skills;active listening;critical thinking;gathering information;artistic/creative skills;business knowledge;analytical skills;people management;leadership;hospitality;hr,b.com principal of business management,business analyst
b.tech,computer science engineering,news coverage;teaching;technology,wealth management;java,b.tech computer science engineering news coverage;teaching;technology wealth management;java,b.tech computer science engineering,software engineer
b.tech,electronics and communication engineering,"vlsi,technology","core skills,programming","b.tech electronics and communication engineering vlsi,technology core skills,programming",b.tech electronics and communication engineering,electronics and communication engineer
be,electrical and electronics engineering,further studies,no,be electrical and electronics engineering further studies no,be electrical and electronics engineering,engineer
b.sc,computer science engineering,technology;data analytics;data scientist;all fields related to data science.,programming language skills;analytical skills;leadership;problem solving skills;machine learning skills;c++;python;sql;java;good communication skills,b.sc computer science engineering technology;data analytics;data scientist;all fields related to data science. programming language skills;analytical skills;leadership;problem solving skills;machine learning skills;c++;python;sql;java;good communication skills,b.sc computer science engineering,software engineer
b.tech,computer science engineering,teaching;technology;service;social causes;information technology,accounting skills;critical thinking;people management;communication skills;java,b.tech computer science engineering teaching;technology;service;social causes;information technology accounting skills;critical thinking;people management;communication skills;java,b.tech computer science engineering,software engineer
b.tech,mechanical engineering,technology,"sql, communication skills, team work","b.tech mechanical engineering technology sql, communication skills, team work",b.tech mechanical engineering,mechanical engineer
b.tech,civil engineering,hr,"python, java, sql","b.tech civil engineering hr python, java, sql",b.tech civil engineering,civil engineer
b.tech,mechanical engineering,technology;industires,cad/cae(autocad/catia/ansys/proe/seimensnx),b.tech mechanical engineering technology;industires cad/cae(autocad/catia/ansys/proe/seimensnx),b.tech mechanical engineering,mechanical engineer
b.com,accountancy,financial analysis,accounting skills,b.com accountancy financial analysis accounting skills,b.com accountancy,accountant
b.tech,computer science engineering,"machine learning,all fields related to data science",data structures;c++;digital marketing;programming;python (programming language);database management system (dbms);mysql,"b.tech computer science engineering machine learning,all fields related to data science data structures;c++;digital marketing;programming;python (programming language);database management system (dbms);mysql",b.tech computer science engineering,software engineer
b.sc,computer science,data scientist,gathering information,b.sc computer science data scientist gathering information,b.sc computer science,data analyst
b.sc,computer science engineering,web designing;data analytics;data scientist,critical thinking;gathering information;python;good communication skills,b.sc computer science engineering web designing;data analytics;data scientist critical thinking;gathering information;python;good communication skills,b.sc computer science engineering,software engineer
b.tech,electronics & telecommunications,"cyber security,technology,data analytics,machine learning,cloud computing",information security;cybersecurity incident response;cyber threat intelligence (cti);itil;server administration;network security;sumologic;crowdstrike falcon;active directory;mcafee antivirus;ciscoasa;shavlikarcsight;microsoft operating systems;cisco firewall security;cybersecurity,"b.tech electronics & telecommunications cyber security,technology,data analytics,machine learning,cloud computing information security;cybersecurity incident response;cyber threat intelligence (cti);itil;server administration;network security;sumologic;crowdstrike falcon;active directory;mcafee antivirus;ciscoasa;shavlikarcsight;microsoft operating systems;cisco firewall security;cybersecurity",b.tech electronics & telecommunications,telecom engineer
be,automobile engineering,"technology, racing","critical thinking, people management, work under pressure, leadership, team work, observation skills","be automobile engineering technology, racing critical thinking, people management, work under pressure, leadership, team work, observation skills",be automobile engineering,automobile engineer
be,mechanical engineering,research;teaching,analytical skills;cad/cae(autocad/catia/ansys/proe/seimensnx),be mechanical engineering research;teaching analytical skills;cad/cae(autocad/catia/ansys/proe/seimensnx),be mechanical engineering,engineer
ba,english literature,govt. job,artistic/creative skills,ba english literature govt. job artistic/creative skills,ba english literature,content writer
b.sc,mathematics,research;web designing;data analytics;govt. job;digital marketing;data scientist;web development;all fields related to data science.;information technology;machine learning,accounting skills;active listening;programming language skills;critical thinking;gathering information;artistic/creative skills;business knowledge;analytical skills;communication skills;leadership;editing;problem solving skills;risk management skills;data visualization skills( power bi/ tableau );machine learning skills;c++;presentation skills;r;python;good communication skills;programming language c,b.sc mathematics research;web designing;data analytics;govt. job;digital marketing;data scientist;web development;all fields related to data science.;information technology;machine learning accounting skills;active listening;programming language skills;critical thinking;gathering information;artistic/creative skills;business knowledge;analytical skills;communication skills;leadership;editing;problem solving skills;risk management skills;data visualization skills( power bi/ tableau );machine learning skills;c++;presentation skills;r;python;good communication skills;programming language c,b.sc mathematics,data analyst
bca,c language,govt. job,writing skills,bca c language govt. job writing skills,bca c language,other
b.tech,civil engineering,teaching;technology;web designing;data analytics;game industry;home interior design;data scientist;web development;infrastructure,programming language skills;critical thinking;gathering information;artistic/creative skills;analytical skills;communication skills;leadership;editing;product knowledge;problem solving skills;risk management skills;designing skills;writing skills;data visualization skills( power bi/ tableau );machine learning skills;presentation skills;python;artificial intelligence;sql;content creation;matlab;good communication skills,b.tech civil engineering teaching;technology;web designing;data analytics;game industry;home interior design;data scientist;web development;infrastructure programming language skills;critical thinking;gathering information;artistic/creative skills;analytical skills;communication skills;leadership;editing;product knowledge;problem solving skills;risk management skills;designing skills;writing skills;data visualization skills( power bi/ tableau );machine learning skills;presentation skills;python;artificial intelligence;sql;content creation;matlab;good communication skills,b.tech civil engineering,civil engineer
b.tech,electronics and communication engineering,technology,no,b.tech electronics and communication engineering technology no,b.tech electronics and communication engineering,electronics and communication engineer
b.tech,electrical and electronics engineering,software job,no,b.tech electrical and electronics engineering software job no,b.tech electrical and electronics engineering,engineer
b.tech,electrical and electronics engineering,software job,no,b.tech electrical and electronics engineering software job no,b.tech electrical and electronics engineering,engineer
b.e,automobile engineering,social justice,team work,b.e automobile engineering social justice team work,b.e automobile engineering,automobile engineer
b.sc,physics,teaching,writing skills,b.sc physics teaching writing skills,b.sc physics,research scientist
b.tech,mathematics,"financial analysis, teaching, trading, understand human behaviour, understand human body","excel, presentation skills, problem solving skills, writing","b.tech mathematics financial analysis, teaching, trading, understand human behaviour, understand human body excel, presentation skills, problem solving skills, writing",b.tech mathematics,data analyst
mba,sales & marketing,"sales/marketing, social justice","leadership, product knowledge","mba sales & marketing sales/marketing, social justice leadership, product knowledge",mba sales & marketing,marketing executive
diploma,nan coal,industires,risk management skills;sap,diploma nan coal industires risk management skills;sap,diploma nan coal,other
be,electronics and communication engineering,data analytics,analytical skills;problem solving skills;python;sql,be electronics and communication engineering data analytics analytical skills;problem solving skills;python;sql,be electronics and communication engineering,electronics and communication engineer
m.tech,electrical and electronics engineering,news coverage;research;social justice;teaching;technology,active listening;hardware skills;critical thinking;business knowledge,m.tech electrical and electronics engineering news coverage;research;social justice;teaching;technology active listening;hardware skills;critical thinking;business knowledge,m.tech electrical and electronics engineering,engineer
b.tech,electronics and communication engineering,"industires,teaching,technology","electronics hardware design;
product development;
microcontrollers;
pcb design;
robotics;
system deployment;
graphic design;
embedded systems;
assembly language;
iot;
battery management systems;electronic circuit design;electronic hardware;
mechatronics","b.tech electronics and communication engineering industires,teaching,technology electronics hardware design;
product development;
microcontrollers;
pcb design;
robotics;
system deployment;
graphic design;
embedded systems;
assembly language;
iot;
battery management systems;electronic circuit design;electronic hardware;
mechatronics",b.tech electronics and communication engineering,electronics and communication engineer
m.tech,civil structural,financial analysis;research;data analytics;web development,"business knowledge;analytical skills;proeficiency in software like staad pro, etabs","m.tech civil structural financial analysis;research;data analytics;web development business knowledge;analytical skills;proeficiency in software like staad pro, etabs",m.tech civil structural,civil engineer
b.tech,mechania,"research, entrepreneurship","active listening, business knowledge, work under pressure, team work, interpersonal skills, writing","b.tech mechania research, entrepreneurship active listening, business knowledge, work under pressure, team work, interpersonal skills, writing",b.tech mechania,other
b.tech,electrical and electronics engineering,technology,"java, programming","b.tech electrical and electronics engineering technology java, programming",b.tech electrical and electronics engineering,engineer
b.tech,data warehousing & data mining,"financial analysis, research, sales/marketing, technology, entrepreneurship","python, critical thinking, analytic thinking, gathering informing, business knowledge, sql, programming, people management, communication skills, negotiation skills, work under pressure, leadership, product knowledge, creativity skills, excel, interpersonal skills, presentation skills, wealth management, linux, mass communication, tableau, observation skills, risk managing, reading, subject knowledge","b.tech data warehousing & data mining financial analysis, research, sales/marketing, technology, entrepreneurship python, critical thinking, analytic thinking, gathering informing, business knowledge, sql, programming, people management, communication skills, negotiation skills, work under pressure, leadership, product knowledge, creativity skills, excel, interpersonal skills, presentation skills, wealth management, linux, mass communication, tableau, observation skills, risk managing, reading, subject knowledge",b.tech data warehousing & data mining,other
b.tech,computer science engineering,technology,no,b.tech computer science engineering technology no,b.tech computer science engineering,software engineer
mdcs,information technalogy,financial analysis,"analytic thinking, sql, oracle, programming, team work, linux, building rapport, subject knowledge","mdcs information technalogy financial analysis analytic thinking, sql, oracle, programming, team work, linux, building rapport, subject knowledge",mdcs information technalogy,software engineer
b.tech,civil engineering,data analytics,critical thinking;gathering information;communication skills;writing skills;machine learning skills;python,b.tech civil engineering data analytics critical thinking;gathering information;communication skills;writing skills;machine learning skills;python,b.tech civil engineering,civil engineer
b.com,m.com(management and marketing),financial analysis;sales/marketing;govt. job;digital marketing,critical thinking;gathering information;business knowledge;people management;communication skills;negotiation skills;mass communication;leadership;problem solving skills;risk management skills;sales;social media marketing,b.com m.com(management and marketing) financial analysis;sales/marketing;govt. job;digital marketing critical thinking;gathering information;business knowledge;people management;communication skills;negotiation skills;mass communication;leadership;problem solving skills;risk management skills;sales;social media marketing,b.com m.com(management and marketing),business analyst
b.tech,electronics and communication engineering,"understand human behaviour, understand human body","people management, communication skills, negotiation skills, leadership, creativity skills, team work, interpersonal skills, presentation skills","b.tech electronics and communication engineering understand human behaviour, understand human body people management, communication skills, negotiation skills, leadership, creativity skills, team work, interpersonal skills, presentation skills",b.tech electronics and communication engineering,electronics and communication engineer
b.com,commerce,financial analysis;research;social causes,accounting skills;wealth management,b.com commerce financial analysis;research;social causes accounting skills;wealth management,b.com commerce,accountant
bba,business administration,human resource,hr,bba business administration human resource hr,bba business administration,business analyst
be,computer science engineering,web designing;data analytics;govt. job;data scientist,programming language skills;data visualization skills( power bi/ tableau );python;sql,be computer science engineering web designing;data analytics;govt. job;data scientist programming language skills;data visualization skills( power bi/ tableau );python;sql,be computer science engineering,software engineer
b.tech,computer science engineering,"research, technology","java, sql, programming","b.tech computer science engineering research, technology java, sql, programming",b.tech computer science engineering,software engineer
be,computer science engineering,financial analysis;news coverage;sales/marketing;understand human behaviour;supply chain analysis;content writing;data analytics;govt. job;digital marketing;retailer;data scientist;social media marketing;infrastructure;industires;product life cycle management;navy defence related,active listening;programming language skills;critical thinking;business knowledge;analytical skills;communication skills;leadership;problem solving skills;risk management skills;writing skills;machine learning skills;social media marketing;interpersonal skills;presentation skills;python;sql;hospitality;hr;good communication skills,be computer science engineering financial analysis;news coverage;sales/marketing;understand human behaviour;supply chain analysis;content writing;data analytics;govt. job;digital marketing;retailer;data scientist;social media marketing;infrastructure;industires;product life cycle management;navy defence related active listening;programming language skills;critical thinking;business knowledge;analytical skills;communication skills;leadership;problem solving skills;risk management skills;writing skills;machine learning skills;social media marketing;interpersonal skills;presentation skills;python;sql;hospitality;hr;good communication skills,be computer science engineering,software engineer
bca,"mathematics , computer",game industry,communication skills,"bca mathematics , computer game industry communication skills","bca mathematics , computer",software engineer
b.com,accountancy,"financial analysis, sales/marketing","accounting skills, active listening, business knowledge, communication skills, leadership, team work, writing, reading, sales","b.com accountancy financial analysis, sales/marketing accounting skills, active listening, business knowledge, communication skills, leadership, team work, writing, reading, sales",b.com accountancy,accountant
b.com,commerce,entrepreneurship,"leadership, product knowledge, interpersonal skills, sales","b.com commerce entrepreneurship leadership, product knowledge, interpersonal skills, sales",b.com commerce,accountant
b.com,statistics,"technology, analysis","ml, python, sql, programming, excel, problem solving skills, tableau","b.com statistics technology, analysis ml, python, sql, programming, excel, problem solving skills, tableau",b.com statistics,data analyst
b.tech,electrical and electronics engineering,"industires,technology",kicad;keil;dc to dc converters;dc to ac converters;dc drives;facts devices;matlab;power systems,"b.tech electrical and electronics engineering industires,technology kicad;keil;dc to dc converters;dc to ac converters;dc drives;facts devices;matlab;power systems",b.tech electrical and electronics engineering,engineer
be,electrical and electronics engineering,data analytics,no,be electrical and electronics engineering data analytics no,be electrical and electronics engineering,engineer
be,mechanical engineering,financial analysis;research;technology;understand human behaviour;data analytics;govt. job;data scientist;all fields related to data science.;information technology;navy defence related;sports industry,analytical skills;people management;leadership;product knowledge;data visualization skills( power bi/ tableau );machine learning skills;python;sql,be mechanical engineering financial analysis;research;technology;understand human behaviour;data analytics;govt. job;data scientist;all fields related to data science.;information technology;navy defence related;sports industry analytical skills;people management;leadership;product knowledge;data visualization skills( power bi/ tableau );machine learning skills;python;sql,be mechanical engineering,engineer
b.com,business administration,sales/marketing,business knowledge,b.com business administration sales/marketing business knowledge,b.com business administration,business analyst
ba,general,social justice;home interior design;information technology,finance related skills;civil & criminal law;negotiation skills;good communication skills,ba general social justice;home interior design;information technology finance related skills;civil & criminal law;negotiation skills;good communication skills,ba general,teacher
b.sc,biotechnology,"teaching, technology","gathering informing, interpersonal skills, building rapport, subject knowledge","b.sc biotechnology teaching, technology gathering informing, interpersonal skills, building rapport, subject knowledge",b.sc biotechnology,biotech researcher
b.sc,agriculture,sales/marketing;supply chain analysis,active listening;gathering information;communication skills;mass communication,b.sc agriculture sales/marketing;supply chain analysis active listening;gathering information;communication skills;mass communication,b.sc agriculture,agricultural officer
bhmct,hospitality,"financial analysis, research, technology, understand human behaviour","active listening, python, critical thinking, analytic thinking, gathering informing, artistic skills, communication skills, work under pressure, excel","bhmct hospitality financial analysis, research, technology, understand human behaviour active listening, python, critical thinking, analytic thinking, gathering informing, artistic skills, communication skills, work under pressure, excel",bhmct hospitality,other
b.tech,chemical engineering,"financial analysis, news coverage, research, social justice, teaching, technology, understand human behaviour","active listening, ml, python, critical thinking, analytic thinking, gathering informing, artistic skills, business knowledge, java, sql, oracle, programming, people management, communication skills, work under pressure, leadership, news gathering, editing, product knowledge, creativity skills, excel, interpersonal skills, presentation skills, wealth management, problem solving skills, mass communication, writing, risk managing, designing skills","b.tech chemical engineering financial analysis, news coverage, research, social justice, teaching, technology, understand human behaviour active listening, ml, python, critical thinking, analytic thinking, gathering informing, artistic skills, business knowledge, java, sql, oracle, programming, people management, communication skills, work under pressure, leadership, news gathering, editing, product knowledge, creativity skills, excel, interpersonal skills, presentation skills, wealth management, problem solving skills, mass communication, writing, risk managing, designing skills",b.tech chemical engineering,chemical engineer
bms,sales & marketing,teaching,"reading, sales","bms sales & marketing teaching reading, sales",bms sales & marketing,marketing executive
ba,sociology,technology;web designing;data analytics;game industry,hardware skills;programming language skills;data visualization skills( power bi/ tableau );r;python;sql,ba sociology technology;web designing;data analytics;game industry hardware skills;programming language skills;data visualization skills( power bi/ tableau );r;python;sql,ba sociology,social researcher
ba,sociology,technology,"ml, python, sql, excel, r, tableau","ba sociology technology ml, python, sql, excel, r, tableau",ba sociology,social researcher
arts,literature,"research, teaching","critical thinking, communication skills, leadership, team work, writing","arts literature research, teaching critical thinking, communication skills, leadership, team work, writing",arts literature,content writer
bca,computer,technology;web designing,designing skills;java,bca computer technology;web designing designing skills;java,bca computer,software engineer
be,electronics and communication engineering,data scientist,r;python,be electronics and communication engineering data scientist r;python,be electronics and communication engineering,electronics and communication engineer
b.tech,mechanical engineering,news coverage,"communication skills, work under pressure, leadership, team work, excel, problem solving skills, reading","b.tech mechanical engineering news coverage communication skills, work under pressure, leadership, team work, excel, problem solving skills, reading",b.tech mechanical engineering,mechanical engineer
be,computer science engineering,research;technology;data analytics;data scientist;all fields related to data science.,business knowledge;communication skills;leadership;designing skills;data visualization skills( power bi/ tableau );machine learning skills;interpersonal skills;c++;presentation skills;r;python;sql;cloud computing;good communication skills;aws;programming language c,be computer science engineering research;technology;data analytics;data scientist;all fields related to data science. business knowledge;communication skills;leadership;designing skills;data visualization skills( power bi/ tableau );machine learning skills;interpersonal skills;c++;presentation skills;r;python;sql;cloud computing;good communication skills;aws;programming language c,be computer science engineering,software engineer
mba,bba,sales/marketing;social justice;home interior design;market reserach;social media marketing,active listening;hardware skills;business knowledge;communication skills;negotiation skills;mass communication;problem solving skills;sales;social media marketing;hospitality;good communication skills,mba bba sales/marketing;social justice;home interior design;market reserach;social media marketing active listening;hardware skills;business knowledge;communication skills;negotiation skills;mass communication;problem solving skills;sales;social media marketing;hospitality;good communication skills,mba bba,other
b.tech,mathematics,data analytics;market reserach;industires;product life cycle management;sports industry,business knowledge;leadership;product knowledge;problem solving skills;risk management skills;sales;hr,b.tech mathematics data analytics;market reserach;industires;product life cycle management;sports industry business knowledge;leadership;product knowledge;problem solving skills;risk management skills;sales;hr,b.tech mathematics,data analyst
bba,statistics,financial analysis,business knowledge;analytical skills;people management;communication skills;negotiation skills;leadership;problem solving skills;data visualization skills( power bi/ tableau );machine learning skills;wealth management;python;sql,bba statistics financial analysis business knowledge;analytical skills;people management;communication skills;negotiation skills;leadership;problem solving skills;data visualization skills( power bi/ tableau );machine learning skills;wealth management;python;sql,bba statistics,data analyst
be,plastic design,design,designing skills,be plastic design design designing skills,be plastic design,designer
be,mechanical engineering,data analytics,analytical skills,be mechanical engineering data analytics analytical skills,be mechanical engineering,engineer
be,mechanical engineering,research;technology;trading;understand human behaviour;supply chain analysis,active listening;hardware skills;critical thinking;communication skills;leadership;problem solving skills;risk management skills;writing skills;data visualization skills( power bi/ tableau );machine learning skills;presentation skills;python;sql,be mechanical engineering research;technology;trading;understand human behaviour;supply chain analysis active listening;hardware skills;critical thinking;communication skills;leadership;problem solving skills;risk management skills;writing skills;data visualization skills( power bi/ tableau );machine learning skills;presentation skills;python;sql,be mechanical engineering,engineer
b.tech,electrical and electronics engineering,teaching,"active listening, work under pressure,teamwork,interpersonal skills, presentation skills, reading","b.tech electrical and electronics engineering teaching active listening, work under pressure,teamwork,interpersonal skills, presentation skills, reading",b.tech electrical and electronics engineering,engineer
b.tech,mechanical engineering,design,"proeficiency in software like staad pro, etabs","b.tech mechanical engineering design proeficiency in software like staad pro, etabs",b.tech mechanical engineering,mechanical engineer
b.sc,chemistry,teaching,"critical thinking, analytic thinking, team work, problem solving skills, reading","b.sc chemistry teaching critical thinking, analytic thinking, team work, problem solving skills, reading",b.sc chemistry,chemist
b.tech,computer science engineering,technology;game industry;market reserach;information technology,programming language skills;linux;sql;java,b.tech computer science engineering technology;game industry;market reserach;information technology programming language skills;linux;sql;java,b.tech computer science engineering,software engineer
bca,computer applications,technology;trading,active listening;programming language skills;gathering information,bca computer applications technology;trading active listening;programming language skills;gathering information,bca computer applications,software developer
ba,english,teaching,active listening;good communication skills;teaching,ba english teaching active listening;good communication skills;teaching,ba english,content writer
be,mechanical engineering,trading,c++,be mechanical engineering trading c++,be mechanical engineering,engineer
b.sc,computer science engineering,technology,active listening;programming language skills;java,b.sc computer science engineering technology active listening;programming language skills;java,b.sc computer science engineering,software engineer
ballb,law,litigation & legal service,critical thinking;gathering information;civil & criminal law,ballb law litigation & legal service critical thinking;gathering information;civil & criminal law,ballb law,lawyer
b.tech,electronics and communication engineering,technology,python,b.tech electronics and communication engineering technology python,b.tech electronics and communication engineering,electronics and communication engineer
be,automobile engineering,sales/marketing,"work under pressure, team work","be automobile engineering sales/marketing work under pressure, team work",be automobile engineering,automobile engineer
be,econamy,financial analysis;research;social justice;teaching;technology;trading;understand human behaviour;understand human body;supply chain analysis;web designing,programming language skills;critical thinking;gathering information;business knowledge;analytical skills;finance related skills;people management;civil & criminal law,be econamy financial analysis;research;social justice;teaching;technology;trading;understand human behaviour;understand human body;supply chain analysis;web designing programming language skills;critical thinking;gathering information;business knowledge;analytical skills;finance related skills;people management;civil & criminal law,be econamy,other
b.tech,mechanical engineering,technology,"team work, observation skills","b.tech mechanical engineering technology team work, observation skills",b.tech mechanical engineering,mechanical engineer
b.sc,computers,sales/marketing;supply chain analysis;data analytics,analytical skills;machine learning skills;sales;python;hr,b.sc computers sales/marketing;supply chain analysis;data analytics analytical skills;machine learning skills;sales;python;hr,b.sc computers,software engineer
m.a,home science .,understand human behaviour;gardening,active listening;civil & criminal law,m.a home science . understand human behaviour;gardening active listening;civil & criminal law,m.a home science .,other
b.com,"accounts,public finance,econamics,business studies",digital marketing,social media marketing,"b.com accounts,public finance,econamics,business studies digital marketing social media marketing","b.com accounts,public finance,econamics,business studies",accountant
b.tech,civil engineering,construction;construction manegement,construction management,b.tech civil engineering construction;construction manegement construction management,b.tech civil engineering,civil engineer
b.tech,civil engineering,construction;construction manegement;urban planning;project management,"proeficiency in software like staad pro, etabs","b.tech civil engineering construction;construction manegement;urban planning;project management proeficiency in software like staad pro, etabs",b.tech civil engineering,civil engineer
bca,science,technology;data scientist;information technology,"communication skills;leadership;problem solving skills;hospitality;hr;client management;good communication skills;foreign languages french, spanish","bca science technology;data scientist;information technology communication skills;leadership;problem solving skills;hospitality;hr;client management;good communication skills;foreign languages french, spanish",bca science,other
b.tech,computer science engineering,data analytics,no,b.tech computer science engineering data analytics no,b.tech computer science engineering,software engineer
b.tech,electrical and electronics engineering,technology,"ml, python","b.tech electrical and electronics engineering technology ml, python",b.tech electrical and electronics engineering,engineer
be,mechanical engineering,data analytics;govt. job;data scientist,programming language skills;writing skills;data visualization skills( power bi/ tableau );machine learning skills;python;sql,be mechanical engineering data analytics;govt. job;data scientist programming language skills;writing skills;data visualization skills( power bi/ tableau );machine learning skills;python;sql,be mechanical engineering,engineer
ba,econamics,research;sales/marketing;digital marketing,programming language skills;business knowledge;designing skills;writing skills;sales;social media marketing;presentation skills,ba econamics research;sales/marketing;digital marketing programming language skills;business knowledge;designing skills;writing skills;sales;social media marketing;presentation skills,ba econamics,other
hsc,communication & political science,"sales/marketing, entrepreneurship, understand human body","leadership, mass communication, reading, sales","hsc communication & political science sales/marketing, entrepreneurship, understand human body leadership, mass communication, reading, sales",hsc communication & political science,civil services aspirant
b.tech,electronics and communication engineering,data analytics,no,b.tech electronics and communication engineering data analytics no,b.tech electronics and communication engineering,electronics and communication engineer
b.tech,electronics and communication engineering,"research, technology, entrepreneurship","ml, python, critical thinking, analytic thinking, sql, editing, excel, logical skills, interpersonal skills, presentation skills, c++, reading","b.tech electronics and communication engineering research, technology, entrepreneurship ml, python, critical thinking, analytic thinking, sql, editing, excel, logical skills, interpersonal skills, presentation skills, c++, reading",b.tech electronics and communication engineering,electronics and communication engineer
be,automobile engineering,research;social justice;teaching;technology,leadership;product knowledge;problem solving skills,be automobile engineering research;social justice;teaching;technology leadership;product knowledge;problem solving skills,be automobile engineering,automobile engineer
b.tech,electronics and communication engineering,"financial analysis, news coverage, research, sales/marketing, technology, entrepreneurship, understand human behaviour","ai, ml, python, critical thinking, analytic thinking, sql, communication skills, negotiation skills, work under pressure, leadership, editing, creativity skills, market study, team work, logical skills, interpersonal skills, presentation skills, problem solving skills, mass communication, observation skills, risk managing, reporting, reading, designing skills, sales","b.tech electronics and communication engineering financial analysis, news coverage, research, sales/marketing, technology, entrepreneurship, understand human behaviour ai, ml, python, critical thinking, analytic thinking, sql, communication skills, negotiation skills, work under pressure, leadership, editing, creativity skills, market study, team work, logical skills, interpersonal skills, presentation skills, problem solving skills, mass communication, observation skills, risk managing, reporting, reading, designing skills, sales",b.tech electronics and communication engineering,electronics and communication engineer
b.tech,mechanical engineering,research;data analytics;data scientist;all fields related to data science.;industires;design,programming language skills;machine learning skills;python,b.tech mechanical engineering research;data analytics;data scientist;all fields related to data science.;industires;design programming language skills;machine learning skills;python,b.tech mechanical engineering,mechanical engineer
b.tech,civil engineering,construction;construction manegement;urban planning,"proeficiency in software like staad pro, etabs","b.tech civil engineering construction;construction manegement;urban planning proeficiency in software like staad pro, etabs",b.tech civil engineering,civil engineer
b.tech,civil engineering,infrastructure;social causes;industires;design;construction;construction manegement,"proeficiency in software like staad pro, etabs","b.tech civil engineering infrastructure;social causes;industires;design;construction;construction manegement proeficiency in software like staad pro, etabs",b.tech civil engineering,civil engineer
b.tech,mechanical engineering,technology;data analytics,programming language skills;critical thinking;analytical skills,b.tech mechanical engineering technology;data analytics programming language skills;critical thinking;analytical skills,b.tech mechanical engineering,mechanical engineer
bba,literature,social justice,analytic thinking,bba literature social justice analytic thinking,bba literature,content writer
m.tech,electrical and electronics engineering,technology;supply chain analysis,communication skills;presentation skills;artificial intelligence,m.tech electrical and electronics engineering technology;supply chain analysis communication skills;presentation skills;artificial intelligence,m.tech electrical and electronics engineering,engineer
b.tech,electrical and electronics engineering,teaching;technology;trading,people management;architecture,b.tech electrical and electronics engineering teaching;technology;trading people management;architecture,b.tech electrical and electronics engineering,engineer
b.tech,fmhm,research;technology;trading,programming language skills;analytical skills;negotiation skills;leadership;problem solving skills;python,b.tech fmhm research;technology;trading programming language skills;analytical skills;negotiation skills;leadership;problem solving skills;python,b.tech fmhm,other
b.tech,electronics and communication engineering,entrepreneurship,"java, sql","b.tech electronics and communication engineering entrepreneurship java, sql",b.tech electronics and communication engineering,electronics and communication engineer
b.tech,computer science engineering,technology;web designing;govt. job;game industry;web development,editing;python,b.tech computer science engineering technology;web designing;govt. job;game industry;web development editing;python,b.tech computer science engineering,software engineer
b.tech,computer science engineering,service;design,hardware skills;python;us & canada recruitment (it),b.tech computer science engineering service;design hardware skills;python;us & canada recruitment (it),b.tech computer science engineering,software engineer
b.tech,computer science engineering,network,network engineer,b.tech computer science engineering network network engineer,b.tech computer science engineering,software engineer
b.sc,physics,technology,"ai, python, editing, problem solving skills","b.sc physics technology ai, python, editing, problem solving skills",b.sc physics,research scientist
ba,general,news coverage;data analytics;govt. job;infrastructure,business knowledge;people management;product knowledge,ba general news coverage;data analytics;govt. job;infrastructure business knowledge;people management;product knowledge,ba general,teacher
be,mechanical,research;technology;data analytics;data scientist,programming language skills;analytical skills;data visualization skills( power bi/ tableau );machine learning skills;python;sql;excel,be mechanical research;technology;data analytics;data scientist programming language skills;analytical skills;data visualization skills( power bi/ tableau );machine learning skills;python;sql;excel,be mechanical,mechanical engineer
tyb.com,commerce,entrepreneurship,"active listening, analytic thinking, business knowledge, people management, communication skills, leadership, product knowledge, creativity skills, market study, team work, logical skills, presentation skills, writing, observation skills","tyb.com commerce entrepreneurship active listening, analytic thinking, business knowledge, people management, communication skills, leadership, product knowledge, creativity skills, market study, team work, logical skills, presentation skills, writing, observation skills",tyb.com commerce,accountant
b.tech,computer science engineering,data analytics;data scientist;all fields related to data science.,analytical skills;people management;communication skills;mass communication;leadership;editing;problem solving skills;data visualization skills( power bi/ tableau );python;hr;good communication skills;teaching,b.tech computer science engineering data analytics;data scientist;all fields related to data science. analytical skills;people management;communication skills;mass communication;leadership;editing;problem solving skills;data visualization skills( power bi/ tableau );python;hr;good communication skills;teaching,b.tech computer science engineering,software engineer
b.tech,electrical and electronics engineering,"web development,information technology,blockchain,digital marketing,game industry",devops;kubernetes;docker;jenkins;linux;bash script;grafana;elastic stack (elk);amazon web services (aws);git;linux system administration;ansible;elasticsearch;openstack;apache kafka;redis;docker;bash;prometheus;nginx,"b.tech electrical and electronics engineering web development,information technology,blockchain,digital marketing,game industry devops;kubernetes;docker;jenkins;linux;bash script;grafana;elastic stack (elk);amazon web services (aws);git;linux system administration;ansible;elasticsearch;openstack;apache kafka;redis;docker;bash;prometheus;nginx",b.tech electrical and electronics engineering,engineer
b.tech,electrical and electronics engineering,data analytics,"c,c++,java,javascript,python","b.tech electrical and electronics engineering data analytics c,c++,java,javascript,python",b.tech electrical and electronics engineering,engineer
b.sc,physics,technology,"active listening, analytic thinking, gathering informing, artistic skills, business knowledge, sql, communication skills, news gathering, editing, creativity skills, team work, excel, presentation skills, c++, writing, reading, designing skills","b.sc physics technology active listening, analytic thinking, gathering informing, artistic skills, business knowledge, sql, communication skills, news gathering, editing, creativity skills, team work, excel, presentation skills, c++, writing, reading, designing skills",b.sc physics,research scientist
be,computer science,technology,machine learning skills;python;artificial intelligence;sql,be computer science technology machine learning skills;python;artificial intelligence;sql,be computer science,software engineer
bba,business administration,understand human behaviour;retailer;service;social causes,recruiting,bba business administration understand human behaviour;retailer;service;social causes recruiting,bba business administration,business analyst
m.sc,science,understand human body;content writing;digital marketing;product life cycle management,critical thinking;gathering information;leadership;editing;product knowledge;problem solving skills;writing skills;machine learning skills;interpersonal skills;medical knowledge,m.sc science understand human body;content writing;digital marketing;product life cycle management critical thinking;gathering information;leadership;editing;product knowledge;problem solving skills;writing skills;machine learning skills;interpersonal skills;medical knowledge,m.sc science,other
b.tech,electronics,financial analysis;research;sales/marketing;technology;supply chain analysis;data analytics;digital marketing;market reserach;social media marketing;machine learning;sports industry;blockchain;salesforce admin;construction;construction manegement,active listening;critical thinking;gathering information;artistic/creative skills;business knowledge;people management;communication skills;negotiation skills;mass communication;leadership;product knowledge;problem solving skills;risk management skills;designing skills;writing skills;data visualization skills( power bi/ tableau );sales;social media marketing;interpersonal skills;wealth management;presentation skills;r;python;sql;content creation;good communication skills,b.tech electronics financial analysis;research;sales/marketing;technology;supply chain analysis;data analytics;digital marketing;market reserach;social media marketing;machine learning;sports industry;blockchain;salesforce admin;construction;construction manegement active listening;critical thinking;gathering information;artistic/creative skills;business knowledge;people management;communication skills;negotiation skills;mass communication;leadership;product knowledge;problem solving skills;risk management skills;designing skills;writing skills;data visualization skills( power bi/ tableau );sales;social media marketing;interpersonal skills;wealth management;presentation skills;r;python;sql;content creation;good communication skills,b.tech electronics,other
be,automobile engineering,"financial analysis, sales/marketing, technology, trading, entrepreneurship","active listening, critical thinking, analytic thinking, gathering informing, business knowledge, leadership, market study, team work, interpersonal skills, wealth management, risk managing","be automobile engineering financial analysis, sales/marketing, technology, trading, entrepreneurship active listening, critical thinking, analytic thinking, gathering informing, business knowledge, leadership, market study, team work, interpersonal skills, wealth management, risk managing",be automobile engineering,automobile engineer
b.e,automobile engineering,"news coverage, research, social justice, technology, entrepreneurship, understand human behaviour, understand human body","artistic skills, business knowledge, people management, editing, product knowledge, creativity skills, team work, designing skills","b.e automobile engineering news coverage, research, social justice, technology, entrepreneurship, understand human behaviour, understand human body artistic skills, business knowledge, people management, editing, product knowledge, creativity skills, team work, designing skills",b.e automobile engineering,automobile engineer
diploma,mechanical machines,technology,critical thinking;people management;leadership;product knowledge;problem solving skills;sap,diploma mechanical machines technology critical thinking;people management;leadership;product knowledge;problem solving skills;sap,diploma mechanical machines,mechanical engineer
be,mechanical engineering,govt. job,hardware skills;writing skills;good communication skills,be mechanical engineering govt. job hardware skills;writing skills;good communication skills,be mechanical engineering,engineer
degree,bio technology,sales/marketing,sales,degree bio technology sales/marketing sales,degree bio technology,other
b.tech,mechanical engineering,further studies,no,b.tech mechanical engineering further studies no,b.tech mechanical engineering,mechanical engineer
b.tech,computer science engineering,technology,"ai, ml, python","b.tech computer science engineering technology ai, ml, python",b.tech computer science engineering,software engineer
b.com,accountancy,financial analysis,accounting skills,b.com accountancy financial analysis accounting skills,b.com accountancy,accountant
bms,sales & marketing,"research, teaching, technology, entrepreneurship","gathering informing, communication skills, editing, presentation skills, observation skills, reading, subject knowledge","bms sales & marketing research, teaching, technology, entrepreneurship gathering informing, communication skills, editing, presentation skills, observation skills, reading, subject knowledge",bms sales & marketing,marketing executive
b.tech,computer science engineering,technology;web designing;content writing;data analytics;data scientist,business knowledge;leadership;editing;risk management skills;writing skills;data visualization skills( power bi/ tableau );machine learning skills;c++;python;java,b.tech computer science engineering technology;web designing;content writing;data analytics;data scientist business knowledge;leadership;editing;risk management skills;writing skills;data visualization skills( power bi/ tableau );machine learning skills;c++;python;java,b.tech computer science engineering,software engineer
b.com,accounts,financial analysis,accounting skills;people management,b.com accounts financial analysis accounting skills;people management,b.com accounts,accountant
b.com,accountancy,financial analysis;sales/marketing;technology;trading;game industry,accounting skills;business knowledge;finance related skills;risk management skills;wealth management,b.com accountancy financial analysis;sales/marketing;technology;trading;game industry accounting skills;business knowledge;finance related skills;risk management skills;wealth management,b.com accountancy,accountant
b.tech,cee,data analytics,python,b.tech cee data analytics python,b.tech cee,other
b.sc,computers,social justice;understand human behaviour;gardening;social causes;all fields related to data science.;information technology,active listening;gathering information;business knowledge;good communication skills,b.sc computers social justice;understand human behaviour;gardening;social causes;all fields related to data science.;information technology active listening;gathering information;business knowledge;good communication skills,b.sc computers,software engineer
b.sc,mathematics,teaching;govt. job;game industry,analytical skills;communication skills,b.sc mathematics teaching;govt. job;game industry analytical skills;communication skills,b.sc mathematics,data analyst
be,computer science engineering,data analytics,no,be computer science engineering data analytics no,be computer science engineering,software engineer
b.tech,mechanical engineering,data analytics,people management;leadership,b.tech mechanical engineering data analytics people management;leadership,b.tech mechanical engineering,mechanical engineer
ba,advertising,research;sales/marketing;understand human behaviour;content writing,active listening;critical thinking;gathering information;artistic/creative skills;people management;communication skills;negotiation skills;mass communication;editing;problem solving skills;writing skills;social media marketing;presentation skills;content creation,ba advertising research;sales/marketing;understand human behaviour;content writing active listening;critical thinking;gathering information;artistic/creative skills;people management;communication skills;negotiation skills;mass communication;editing;problem solving skills;writing skills;social media marketing;presentation skills;content creation,ba advertising,other
b.tech,computer science engineering,software job,"js, php,css,html, android","b.tech computer science engineering software job js, php,css,html, android",b.tech computer science engineering,software engineer
be,elections and telecommunication engineering,teaching;understand human behaviour;web designing,python;sql;java;cloud computing,be elections and telecommunication engineering teaching;understand human behaviour;web designing python;sql;java;cloud computing,be elections and telecommunication engineering,telecom engineer
bca,computer applications,web development,programming language skills;sql;java;cloud computing,bca computer applications web development programming language skills;sql;java;cloud computing,bca computer applications,software developer
b.com,accountancy,"financial analysis, news coverage, research, sales/marketing, trading, entrepreneurship","accounting skills, active listening, critical thinking, analytic thinking, gathering informing, business knowledge, people management, communication skills, negotiation skills, leadership, product knowledge, cost accounting, excel","b.com accountancy financial analysis, news coverage, research, sales/marketing, trading, entrepreneurship accounting skills, active listening, critical thinking, analytic thinking, gathering informing, business knowledge, people management, communication skills, negotiation skills, leadership, product knowledge, cost accounting, excel",b.com accountancy,accountant
b.tech,computer science engineering,software job,"full stack, sql","b.tech computer science engineering software job full stack, sql",b.tech computer science engineering,software engineer
bca,software development,financial analysis;research;social justice;teaching;trading;content writing,business knowledge;analytical skills;data visualization skills( power bi/ tableau );c++;linux;python;java,bca software development financial analysis;research;social justice;teaching;trading;content writing business knowledge;analytical skills;data visualization skills( power bi/ tableau );c++;linux;python;java,bca software development,other
b.tech,mechanical engineering,news coverage;research;digital marketing;home interior design;data scientist;web development;market reserach;social media marketing,programming language skills;c++,b.tech mechanical engineering news coverage;research;digital marketing;home interior design;data scientist;web development;market reserach;social media marketing programming language skills;c++,b.tech mechanical engineering,mechanical engineer
b.tech,computer science engineering,technology,"python, java, sql","b.tech computer science engineering technology python, java, sql",b.tech computer science engineering,software engineer
be,computer science engineering,technology;govt. job;data scientist,problem solving skills;c++;sql;java,be computer science engineering technology;govt. job;data scientist problem solving skills;c++;sql;java,be computer science engineering,software engineer
b.com,computer applications,teaching,derivatives,b.com computer applications teaching derivatives,b.com computer applications,software engineer
be,mechanical engineering,supply chain analysis;sap consultant in mm,people management;sap,be mechanical engineering supply chain analysis;sap consultant in mm people management;sap,be mechanical engineering,engineer
b.tech,computer science engineering,data analytics,no,b.tech computer science engineering data analytics no,b.tech computer science engineering,software engineer
be,civil engineering,social justice;technology;govt. job;construction;construction manegement;urban planning,critical thinking;people management;communication skills;mass communication;leadership;problem solving skills;risk management skills;interpersonal skills;hospitality;good communication skills,be civil engineering social justice;technology;govt. job;construction;construction manegement;urban planning critical thinking;people management;communication skills;mass communication;leadership;problem solving skills;risk management skills;interpersonal skills;hospitality;good communication skills,be civil engineering,engineer
ma,sociology,sales/marketing;understand human behaviour;social causes;customer care,active listening;communication skills;product knowledge;problem solving skills;hospitality,ma sociology sales/marketing;understand human behaviour;social causes;customer care active listening;communication skills;product knowledge;problem solving skills;hospitality,ma sociology,social researcher
mba,marketing,sales/marketing;data analytics;digital marketing;data scientist;market reserach;social media marketing;all fields related to data science.;machine learning;sports industry;excel,active listening;critical thinking;business knowledge;analytical skills;data visualization skills( power bi/ tableau );social media marketing;interpersonal skills;c++;r;python;sql,mba marketing sales/marketing;data analytics;digital marketing;data scientist;market reserach;social media marketing;all fields related to data science.;machine learning;sports industry;excel active listening;critical thinking;business knowledge;analytical skills;data visualization skills( power bi/ tableau );social media marketing;interpersonal skills;c++;r;python;sql,mba marketing,marketing manager
b.tech,computer science engineering,software job,no,b.tech computer science engineering software job no,b.tech computer science engineering,software engineer
b.tech,computer science engineering,technology,"sql, communication skills","b.tech computer science engineering technology sql, communication skills",b.tech computer science engineering,software engineer
b.tech,electronics and telecommunication,sales/marketing;technology;understand human behaviour;supply chain analysis;data analytics;govt. job;digital marketing;data scientist;social media marketing;all fields related to data science.;industires;design;product life cycle management,active listening;gathering information;artistic/creative skills;communication skills;problem solving skills;presentation skills;python;hospitality,b.tech electronics and telecommunication sales/marketing;technology;understand human behaviour;supply chain analysis;data analytics;govt. job;digital marketing;data scientist;social media marketing;all fields related to data science.;industires;design;product life cycle management active listening;gathering information;artistic/creative skills;communication skills;problem solving skills;presentation skills;python;hospitality,b.tech electronics and telecommunication,telecom engineer
bba,financial analyst,financial analysis,project finance;financial modeling;business strategy,bba financial analyst financial analysis project finance;financial modeling;business strategy,bba financial analyst,other
b.tech,psychology,"research, social justice, understand human behaviour, understand human body","accounting skills, active listening, artistic skills, people management, civil & criminal law, communication skills, negotiation skills, work under pressure, leadership, creativity skills, logical skills, interpersonal skills, problem solving skills, observation skills, risk managing, designing skills","b.tech psychology research, social justice, understand human behaviour, understand human body accounting skills, active listening, artistic skills, people management, civil & criminal law, communication skills, negotiation skills, work under pressure, leadership, creativity skills, logical skills, interpersonal skills, problem solving skills, observation skills, risk managing, designing skills",b.tech psychology,psychologist
b.tech,computer science engineering,"financial analysis, news coverage, research, sales/marketing, social justice, take risk for profits, teaching, technology, trading, entrepreneurship, understand human behaviour, understand human body","accounting skills, active listening, ml, critical thinking, artistic skills, java, communication skills, news gathering, product knowledge","b.tech computer science engineering financial analysis, news coverage, research, sales/marketing, social justice, take risk for profits, teaching, technology, trading, entrepreneurship, understand human behaviour, understand human body accounting skills, active listening, ml, critical thinking, artistic skills, java, communication skills, news gathering, product knowledge",b.tech computer science engineering,software engineer
bca,office management,news coverage;web designing;data analytics;govt. job;game industry;digital marketing;data scientist;web development;social media marketing;information technology,accounting skills;hardware skills;programming language skills;gathering information;people management;risk management skills;writing skills;c++;python;sql;java;hospitality,bca office management news coverage;web designing;data analytics;govt. job;game industry;digital marketing;data scientist;web development;social media marketing;information technology accounting skills;hardware skills;programming language skills;gathering information;people management;risk management skills;writing skills;c++;python;sql;java;hospitality,bca office management,business analyst
be,entc,technology;data scientist;web development;all fields related to data science.;information technology,programming language skills;python;sql,be entc technology;data scientist;web development;all fields related to data science.;information technology programming language skills;python;sql,be entc,other
b.tech,computer science engineering,"financial analysis, technology","gathering informing, business knowledge, sql, leadership, writing, designing skills","b.tech computer science engineering financial analysis, technology gathering informing, business knowledge, sql, leadership, writing, designing skills",b.tech computer science engineering,software engineer
ba,tamil,teaching,people management,ba tamil teaching people management,ba tamil,other
b.sc,programs,govt. job,sales,b.sc programs govt. job sales,b.sc programs,other
b.sc,physics,teaching,teaching,b.sc physics teaching teaching,b.sc physics,research scientist
b.sc,computer science,teaching;data analytics;data scientist,programming language skills;leadership;problem solving skills;sql;php,b.sc computer science teaching;data analytics;data scientist programming language skills;leadership;problem solving skills;sql;php,b.sc computer science,data analyst
be,electronics and communication engineering,news coverage;social justice;teaching;trading;understand human body;content writing,"hardware skills;critical thinking;artistic/creative skills;analytical skills;people management;civil & criminal law;communication skills;sales;social media marketing;linux;proeficiency in software like staad pro, etabs;matlab","be electronics and communication engineering news coverage;social justice;teaching;trading;understand human body;content writing hardware skills;critical thinking;artistic/creative skills;analytical skills;people management;civil & criminal law;communication skills;sales;social media marketing;linux;proeficiency in software like staad pro, etabs;matlab",be electronics and communication engineering,electronics and communication engineer
b.tech,computer science engineering,"cyber security,technology,data analytics,machine learning,cloud computing",threat & vulnerability management;endpoint security;vulnerability assessment;iso 27001;information security;proofpoint;palo alto networks;symantec endpoint protection;sophoss;vulnerability management;security information and event management (siem);threat analysis;threat assessment;splunk;iso 27001 lead auditor;pki;cyber security risk;cybersecurity incident response;vulnerability scanning;security,"b.tech computer science engineering cyber security,technology,data analytics,machine learning,cloud computing threat & vulnerability management;endpoint security;vulnerability assessment;iso 27001;information security;proofpoint;palo alto networks;symantec endpoint protection;sophoss;vulnerability management;security information and event management (siem);threat analysis;threat assessment;splunk;iso 27001 lead auditor;pki;cyber security risk;cybersecurity incident response;vulnerability scanning;security",b.tech computer science engineering,software engineer
b.e,automobile engineering,"social justice, take risk for profits, technology, entrepreneurship, understand human behaviour","critical thinking, business knowledge, civil & criminal law, communication skills, negotiation skills, work under pressure, news gathering, product knowledge, market study, team work, excel","b.e automobile engineering social justice, take risk for profits, technology, entrepreneurship, understand human behaviour critical thinking, business knowledge, civil & criminal law, communication skills, negotiation skills, work under pressure, news gathering, product knowledge, market study, team work, excel",b.e automobile engineering,automobile engineer
b.com,marketing,research;technology;trading;understand human behaviour;content writing;data analytics;govt. job;digital marketing;home interior design;social media marketing;gardening;infrastructure;information technology,active listening;critical thinking;gathering information;artistic/creative skills;business knowledge;analytical skills;people management;leadership;problem solving skills;risk management skills;designing skills;writing skills;interpersonal skills,b.com marketing research;technology;trading;understand human behaviour;content writing;data analytics;govt. job;digital marketing;home interior design;social media marketing;gardening;infrastructure;information technology active listening;critical thinking;gathering information;artistic/creative skills;business knowledge;analytical skills;people management;leadership;problem solving skills;risk management skills;designing skills;writing skills;interpersonal skills,b.com marketing,marketing executive
b.tech,electronic and communication engineering,financial analysis;teaching;data analytics;govt. job;data scientist;excel,negotiation skills;leadership;editing;python;teaching;programming language c,b.tech electronic and communication engineering financial analysis;teaching;data analytics;govt. job;data scientist;excel negotiation skills;leadership;editing;python;teaching;programming language c,b.tech electronic and communication engineering,engineer
master of journalism,journalism,sales/marketing;social justice;understand human behaviour;content writing;digital marketing;social media marketing,active listening;gathering information;artistic/creative skills;people management;communication skills;mass communication;problem solving skills;writing skills;social media marketing;content creation;client management,master of journalism journalism sales/marketing;social justice;understand human behaviour;content writing;digital marketing;social media marketing active listening;gathering information;artistic/creative skills;people management;communication skills;mass communication;problem solving skills;writing skills;social media marketing;content creation;client management,master of journalism journalism,journalist
b.sc,computer applications,technology,"business knowledge, communication skills","b.sc computer applications technology business knowledge, communication skills",b.sc computer applications,web developer
be,electronics and telecommunication,technology,programming language skills;communication skills;problem solving skills;python;matlab,be electronics and telecommunication technology programming language skills;communication skills;problem solving skills;python;matlab,be electronics and telecommunication,telecom engineer
g. n. m nurshing,hospitality,"teaching, technology","logical skills, presentation skills, observation skills, subject knowledge","g. n. m nurshing hospitality teaching, technology logical skills, presentation skills, observation skills, subject knowledge",g. n. m nurshing hospitality,other
b.sc,microbiology genetics,research,subject knowledge,b.sc microbiology genetics research subject knowledge,b.sc microbiology genetics,biologist
b.tech,information technalogy,financial analysis,"active listening, ai, critical thinking, analytic thinking, artistic skills, java, communication skills, work under pressure, leadership, editing, product knowledge, creativity skills, team work, excel, logical skills, interpersonal skills, presentation skills, mass communication, writing, tableau, reading, designing skills","b.tech information technalogy financial analysis active listening, ai, critical thinking, analytic thinking, artistic skills, java, communication skills, work under pressure, leadership, editing, product knowledge, creativity skills, team work, excel, logical skills, interpersonal skills, presentation skills, mass communication, writing, tableau, reading, designing skills",b.tech information technalogy,software engineer
b.com,commerce,"financial analysis, entrepreneurship",accounting skills,"b.com commerce financial analysis, entrepreneurship accounting skills",b.com commerce,accountant
b.tech,mechanical engineering,technology,"python, critical thinking, programming, editing, creativity skills, market study, team work, excel, c++, linux, problem solving skills","b.tech mechanical engineering technology python, critical thinking, programming, editing, creativity skills, market study, team work, excel, c++, linux, problem solving skills",b.tech mechanical engineering,mechanical engineer
mca,computer science engineering,govt. job,accounting skills,mca computer science engineering govt. job accounting skills,mca computer science engineering,software engineer
b.tech,biotechnalogy,"research,understand human body,biotechnology","real-time polymerase chain reaction (qpcr);
environmental biotechnology;
molecular biology","b.tech biotechnalogy research,understand human body,biotechnology real-time polymerase chain reaction (qpcr);
environmental biotechnology;
molecular biology",b.tech biotechnalogy,other
b.tech,information technology,web development;information technology,c++;r;linux;python;artificial intelligence;sql;java,b.tech information technology web development;information technology c++;r;linux;python;artificial intelligence;sql;java,b.tech information technology,software engineer
b.tech,computer science engineering,research;technology;data scientist,programming language skills;gathering information;analytical skills;python;artificial intelligence,b.tech computer science engineering research;technology;data scientist programming language skills;gathering information;analytical skills;python;artificial intelligence,b.tech computer science engineering,software engineer
b.tech,mechanical engineering,"technology,trading","active listening, programming, work under pressure, teamwork,excel,logical skills interpersonal skills, presentation skills, reading","b.tech mechanical engineering technology,trading active listening, programming, work under pressure, teamwork,excel,logical skills interpersonal skills, presentation skills, reading",b.tech mechanical engineering,mechanical engineer
b.tech,electrical and electronics engineering,technology,,b.tech electrical and electronics engineering technology ,b.tech electrical and electronics engineering,engineer
b.tech,computer science engineering,technology,programming language skills;critical thinking;gathering information;people management;communication skills;leadership;sql;java,b.tech computer science engineering technology programming language skills;critical thinking;gathering information;people management;communication skills;leadership;sql;java,b.tech computer science engineering,software engineer
be,automobile engineering,teaching;technology;content writing;govt. job;industires;sports industry;oil and gas;excel,active listening;gathering information;communication skills;product knowledge;writing skills;presentation skills;good communication skills,be automobile engineering teaching;technology;content writing;govt. job;industires;sports industry;oil and gas;excel active listening;gathering information;communication skills;product knowledge;writing skills;presentation skills;good communication skills,be automobile engineering,automobile engineer
diploma,pharmaceutical sciences,data analytics;game industry;data scientist;information technology,programming language skills;analytical skills;communication skills;leadership;machine learning skills;python,diploma pharmaceutical sciences data analytics;game industry;data scientist;information technology programming language skills;analytical skills;communication skills;leadership;machine learning skills;python,diploma pharmaceutical sciences,other
b.pharmacy,mining,data scientist,programming language skills;critical thinking;analytical skills;communication skills;machine learning skills;python;artificial intelligence;sql,b.pharmacy mining data scientist programming language skills;critical thinking;analytical skills;communication skills;machine learning skills;python;artificial intelligence;sql,b.pharmacy mining,other
b.tech,mechanical engineering,technology,programming language skills;business knowledge;analytical skills;communication skills;problem solving skills;data visualization skills( power bi/ tableau );machine learning skills;python;artificial intelligence;sql;matlab,b.tech mechanical engineering technology programming language skills;business knowledge;analytical skills;communication skills;problem solving skills;data visualization skills( power bi/ tableau );machine learning skills;python;artificial intelligence;sql;matlab,b.tech mechanical engineering,mechanical engineer
b.tech,b.tech,electronics and communication engineering,"python, sql","b.tech b.tech electronics and communication engineering python, sql",b.tech b.tech,other
be,automobile engineering,trading,"wealth management, problem solving skills","be automobile engineering trading wealth management, problem solving skills",be automobile engineering,automobile engineer
b.tech,electronics and communication engineering,financial analysis;teaching;technology;trading;data analytics;home interior design;data scientist,active listening;programming language skills;critical thinking;artistic/creative skills;analytical skills;people management;communication skills;negotiation skills;leadership;problem solving skills;risk management skills;writing skills;data visualization skills( power bi/ tableau );r;python;artificial intelligence;sql;good communication skills,b.tech electronics and communication engineering financial analysis;teaching;technology;trading;data analytics;home interior design;data scientist active listening;programming language skills;critical thinking;artistic/creative skills;analytical skills;people management;communication skills;negotiation skills;leadership;problem solving skills;risk management skills;writing skills;data visualization skills( power bi/ tableau );r;python;artificial intelligence;sql;good communication skills,b.tech electronics and communication engineering,electronics and communication engineer
b.tech,computer science engineering,"technology,data analytics,machine learning,cloud computing,cyber security",web application security;vulnerability assessment;owasp;penetration testing;shell scripting;python (programming language);ethical hacking;web application security assessment;application security,"b.tech computer science engineering technology,data analytics,machine learning,cloud computing,cyber security web application security;vulnerability assessment;owasp;penetration testing;shell scripting;python (programming language);ethical hacking;web application security assessment;application security",b.tech computer science engineering,software engineer
b.tech,electrical and electronics engineering,technology;industires;design,"proeficiency in software like staad pro, etabs","b.tech electrical and electronics engineering technology;industires;design proeficiency in software like staad pro, etabs",b.tech electrical and electronics engineering,engineer
b.sc,computer science,teaching;game industry;all fields related to data science.,programming language skills;machine learning skills;python;sql,b.sc computer science teaching;game industry;all fields related to data science. programming language skills;machine learning skills;python;sql,b.sc computer science,data analyst
b.sc,chemistry,"sales/marketing, take risk for profits","active listening, artistic skills, communication skills, work under pressure, editing, product knowledge, creativity skills, market study, team work, excel, sales","b.sc chemistry sales/marketing, take risk for profits active listening, artistic skills, communication skills, work under pressure, editing, product knowledge, creativity skills, market study, team work, excel, sales",b.sc chemistry,chemist
be,computer science engineering,research;technology;data analytics,active listening;programming language skills;critical thinking;gathering information;business knowledge;analytical skills;finance related skills;people management;communication skills;mass communication;leadership;product knowledge;problem solving skills;writing skills;data visualization skills( power bi/ tableau );machine learning skills;interpersonal skills;wealth management;presentation skills;linux;python;artificial intelligence;sql;java;cloud computing,be computer science engineering research;technology;data analytics active listening;programming language skills;critical thinking;gathering information;business knowledge;analytical skills;finance related skills;people management;communication skills;mass communication;leadership;product knowledge;problem solving skills;writing skills;data visualization skills( power bi/ tableau );machine learning skills;interpersonal skills;wealth management;presentation skills;linux;python;artificial intelligence;sql;java;cloud computing,be computer science engineering,software engineer
ballb,law,social justice;social causes,civil & criminal law,ballb law social justice;social causes civil & criminal law,ballb law,lawyer
b.tech,computer science engineering,technology;data analytics;data scientist;all fields related to data science.,data visualization skills( power bi/ tableau );machine learning skills;c++;artificial intelligence;sql,b.tech computer science engineering technology;data analytics;data scientist;all fields related to data science. data visualization skills( power bi/ tableau );machine learning skills;c++;artificial intelligence;sql,b.tech computer science engineering,software engineer
be,mechanical engineering,financial analysis;research;technology;trading;supply chain analysis;web designing;data analytics;data scientist,programming language skills;critical thinking;machine learning skills;python,be mechanical engineering financial analysis;research;technology;trading;supply chain analysis;web designing;data analytics;data scientist programming language skills;critical thinking;machine learning skills;python,be mechanical engineering,engineer
b.tech,computer science engineering,"financial analysis, research, technology, trading","ai, ml, python, analytic thinking, business knowledge, java, sql, oracle, programming, people management, c++, r","b.tech computer science engineering financial analysis, research, technology, trading ai, ml, python, analytic thinking, business knowledge, java, sql, oracle, programming, people management, c++, r",b.tech computer science engineering,software engineer
b.tech,information technology,entrepreneurship,"active listening, python, critical thinking, analytic thinking, java, sql, oracle, programming, people management, leadership, team work, logical skills, interpersonal skills, c++, problem solving skills, writing, building rapport, subject knowledge","b.tech information technology entrepreneurship active listening, python, critical thinking, analytic thinking, java, sql, oracle, programming, people management, leadership, team work, logical skills, interpersonal skills, c++, problem solving skills, writing, building rapport, subject knowledge",b.tech information technology,software engineer
b.tech,computer science engineering,technology;web designing;data analytics;game industry;data scientist;web development,active listening;hardware skills;programming language skills;gathering information;communication skills;negotiation skills;leadership;problem solving skills;risk management skills;designing skills;writing skills;data visualization skills( power bi/ tableau );machine learning skills;interpersonal skills;c++;presentation skills;r;python;artificial intelligence;sql;java;architecture;good communication skills,b.tech computer science engineering technology;web designing;data analytics;game industry;data scientist;web development active listening;hardware skills;programming language skills;gathering information;communication skills;negotiation skills;leadership;problem solving skills;risk management skills;designing skills;writing skills;data visualization skills( power bi/ tableau );machine learning skills;interpersonal skills;c++;presentation skills;r;python;artificial intelligence;sql;java;architecture;good communication skills,b.tech computer science engineering,software engineer
b.tech,computer science engineering,"research, technology, entrepreneurship","java, programming, creativity skills, team work, excel, linux","b.tech computer science engineering research, technology, entrepreneurship java, programming, creativity skills, team work, excel, linux",b.tech computer science engineering,software engineer
b.tech,computer science engineering,"technology,teaching","active listening, programming, work under pressure, teamwork,excel, interpersonal skills, presentation skills, reading","b.tech computer science engineering technology,teaching active listening, programming, work under pressure, teamwork,excel, interpersonal skills, presentation skills, reading",b.tech computer science engineering,software engineer
economics,political science,govt. job,hospitality,economics political science govt. job hospitality,economics political science,civil services aspirant
b.com,mar,sales/marketing,business knowledge;analytical skills;finance related skills;communication skills;negotiation skills;product knowledge;problem solving skills;risk management skills;client management,b.com mar sales/marketing business knowledge;analytical skills;finance related skills;communication skills;negotiation skills;product knowledge;problem solving skills;risk management skills;client management,b.com mar,other
b.tech,civil engineering,teaching,"active listening, work under pressure,teamwork,interpersonal skills, presentation skills, reading","b.tech civil engineering teaching active listening, work under pressure,teamwork,interpersonal skills, presentation skills, reading",b.tech civil engineering,civil engineer
b.tech,electronics and communication engineering,"technology,teaching","active listening, programming, work under pressure, teamwork,excel, interpersonal skills, presentation skills, reading","b.tech electronics and communication engineering technology,teaching active listening, programming, work under pressure, teamwork,excel, interpersonal skills, presentation skills, reading",b.tech electronics and communication engineering,electronics and communication engineer
b.tech,marketing,research;sales/marketing;supply chain analysis,critical thinking;artistic/creative skills;analytical skills;communication skills;problem solving skills;sql,b.tech marketing research;sales/marketing;supply chain analysis critical thinking;artistic/creative skills;analytical skills;communication skills;problem solving skills;sql,b.tech marketing,marketing executive
bba,human resource,human resource,negotiation skills;hr,bba human resource human resource negotiation skills;hr,bba human resource,hr executive
b.com,accountancy,financial analysis,active listening;artistic/creative skills;communication skills;mass communication;problem solving skills,b.com accountancy financial analysis active listening;artistic/creative skills;communication skills;mass communication;problem solving skills,b.com accountancy,accountant
bba,human resource,content writing;market reserach,business knowledge;finance related skills;people management;communication skills;negotiation skills;problem solving skills;sales;presentation skills,bba human resource content writing;market reserach business knowledge;finance related skills;people management;communication skills;negotiation skills;problem solving skills;sales;presentation skills,bba human resource,hr executive
bac,computer science engineering,technology,"accounting skills, python, java, sql, oracle, programming","bac computer science engineering technology accounting skills, python, java, sql, oracle, programming",bac computer science engineering,software engineer
b.pharm,hospitality,research,"excel, presentation skills, writing","b.pharm hospitality research excel, presentation skills, writing",b.pharm hospitality,other
b.sc,chemistry,research,"civil & criminal law, work under pressure","b.sc chemistry research civil & criminal law, work under pressure",b.sc chemistry,chemist
be,mechanical engineering,financial analysis;news coverage;research;technology;understand human behaviour;supply chain analysis;market reserach;industires,critical thinking;business knowledge;analytical skills;communication skills;negotiation skills;leadership;problem solving skills;risk management skills;good communication skills;sap,be mechanical engineering financial analysis;news coverage;research;technology;understand human behaviour;supply chain analysis;market reserach;industires critical thinking;business knowledge;analytical skills;communication skills;negotiation skills;leadership;problem solving skills;risk management skills;good communication skills;sap,be mechanical engineering,engineer
be,mechanical engineering,trading;data scientist,analytical skills;problem solving skills,be mechanical engineering trading;data scientist analytical skills;problem solving skills,be mechanical engineering,engineer
ba,"history, sociology,",research;sales/marketing;trading;digital marketing;social media marketing;customer care,active listening;business knowledge;communication skills;sales,"ba history, sociology, research;sales/marketing;trading;digital marketing;social media marketing;customer care active listening;business knowledge;communication skills;sales","ba history, sociology,",teacher
b.com,accounts and statistics,financial analysis;research;teaching;understand human behaviour;understand human body;data analytics;data scientist;market reserach;all fields related to data science.,accounting skills;active listening;critical thinking;gathering information;python,b.com accounts and statistics financial analysis;research;teaching;understand human behaviour;understand human body;data analytics;data scientist;market reserach;all fields related to data science. accounting skills;active listening;critical thinking;gathering information;python,b.com accounts and statistics,data analyst
b.tech,biotechnology,technology,"critical thinking, analytic thinking, java, sql, programming, communication skills, work under pressure, leadership, team work, interpersonal skills, presentation skills, problem solving skills, writing, observation skills, reporting, reading","b.tech biotechnology technology critical thinking, analytic thinking, java, sql, programming, communication skills, work under pressure, leadership, team work, interpersonal skills, presentation skills, problem solving skills, writing, observation skills, reporting, reading",b.tech biotechnology,biotech researcher
ba,history,"news coverage, teaching","active listening, communication skills, work under pressure, news gathering, reporting, reading, subject knowledge","ba history news coverage, teaching active listening, communication skills, work under pressure, news gathering, reporting, reading, subject knowledge",ba history,teacher
b.e,automobile engineering,technology,"team work, linux, problem solving skills","b.e automobile engineering technology team work, linux, problem solving skills",b.e automobile engineering,automobile engineer
b.tech,electronics and communication engineering,technology;data analytics;data scientist,active listening;problem solving skills;designing skills,b.tech electronics and communication engineering technology;data analytics;data scientist active listening;problem solving skills;designing skills,b.tech electronics and communication engineering,electronics and communication engineer
b.tech,electrical and electronics engineering,"sales/marketing, technology, entrepreneurship","ai, java","b.tech electrical and electronics engineering sales/marketing, technology, entrepreneurship ai, java",b.tech electrical and electronics engineering,engineer
ba,electronic and telecommunications,research;social justice;teaching;content writing;govt. job;home interior design,people management;editing;designing skills;writing skills;teaching,ba electronic and telecommunications research;social justice;teaching;content writing;govt. job;home interior design people management;editing;designing skills;writing skills;teaching,ba electronic and telecommunications,telecom engineer
ba,mechanical engineering,research;social justice;teaching;govt. job;social causes;design,active listening;leadership;editing;designing skills;writing skills;client management;teaching,ba mechanical engineering research;social justice;teaching;govt. job;social causes;design active listening;leadership;editing;designing skills;writing skills;client management;teaching,ba mechanical engineering,engineer
be,computer science engineering,data analytics;data scientist;machine learning,programming language skills;critical thinking;analytical skills;python,be computer science engineering data analytics;data scientist;machine learning programming language skills;critical thinking;analytical skills;python,be computer science engineering,software engineer
b.tech,accountancy,research,"critical thinking, analytic thinking, gathering informing","b.tech accountancy research critical thinking, analytic thinking, gathering informing",b.tech accountancy,accountant
b.tech,automobile,technology,"python, programming, excel, linux","b.tech automobile technology python, programming, excel, linux",b.tech automobile,automobile engineer
b.com,mechanical engineering,financial analysis,accounting skills,b.com mechanical engineering financial analysis accounting skills,b.com mechanical engineering,engineer
be,accounting  and finance,data scientist,active listening;business knowledge;people management;leadership;product knowledge;problem solving skills;risk management skills;designing skills;machine learning skills;python;sql,be accounting  and finance data scientist active listening;business knowledge;people management;leadership;product knowledge;problem solving skills;risk management skills;designing skills;machine learning skills;python;sql,be accounting  and finance,accountant
be,information technology,financial analysis;news coverage;supply chain analysis,critical thinking;analytical skills;negotiation skills;problem solving skills;risk management skills;data visualization skills( power bi/ tableau );machine learning skills;python;artificial intelligence;sql,be information technology financial analysis;news coverage;supply chain analysis critical thinking;analytical skills;negotiation skills;problem solving skills;risk management skills;data visualization skills( power bi/ tableau );machine learning skills;python;artificial intelligence;sql,be information technology,software engineer
b.com,statistics,financial analysis,teamwork;time management;company secretarial work;,b.com statistics financial analysis teamwork;time management;company secretarial work;,b.com statistics,data analyst
b.tech,information technology,data analytics;digital marketing;data scientist,risk management skills;data visualization skills( power bi/ tableau );sql;sap,b.tech information technology data analytics;digital marketing;data scientist risk management skills;data visualization skills( power bi/ tableau );sql;sap,b.tech information technology,software engineer
b.sc,information technology,research,"ml, python","b.sc information technology research ml, python",b.sc information technology,software engineer
b.tech,"c, c++, java, sql, mysql, unix, html, mathematics, statistics","technology, entrepreneurship","analytic thinking, business knowledge, java, sql, communication skills, work under pressure, product knowledge, team work, excel, problem solving skills, observation skills, reporting, reading, subject knowledge","b.tech c, c++, java, sql, mysql, unix, html, mathematics, statistics technology, entrepreneurship analytic thinking, business knowledge, java, sql, communication skills, work under pressure, product knowledge, team work, excel, problem solving skills, observation skills, reporting, reading, subject knowledge","b.tech c, c++, java, sql, mysql, unix, html, mathematics, statistics",data analyst
b.tech,design,"financial analysis, research","ai, ml, python, critical thinking, analytic thinking, artistic skills, sql","b.tech design financial analysis, research ai, ml, python, critical thinking, analytic thinking, artistic skills, sql",b.tech design,designer
bca,electrical and electronics engineering,research;technology;web designing;data analytics;govt. job,active listening;hardware skills;programming language skills;critical thinking;gathering information;artistic/creative skills;business knowledge;analytical skills;finance related skills;communication skills;negotiation skills;mass communication;leadership;editing;problem solving skills;data visualization skills( power bi/ tableau );machine learning skills;c++;presentation skills;r;linux;python;sql;java;matlab,bca electrical and electronics engineering research;technology;web designing;data analytics;govt. job active listening;hardware skills;programming language skills;critical thinking;gathering information;artistic/creative skills;business knowledge;analytical skills;finance related skills;communication skills;negotiation skills;mass communication;leadership;editing;problem solving skills;data visualization skills( power bi/ tableau );machine learning skills;c++;presentation skills;r;linux;python;sql;java;matlab,bca electrical and electronics engineering,engineer
b.com,mechanical engineering,design,"editing, designing skills, sales","b.com mechanical engineering design editing, designing skills, sales",b.com mechanical engineering,engineer
b.tech,data structures & algorithm,research;social justice;teaching;technology;trading;web designing;data analytics,accounting skills;active listening;hardware skills;programming language skills;critical thinking;artistic/creative skills;business knowledge;analytical skills;finance related skills;people management;communication skills;negotiation skills;mass communication;leadership;editing;problem solving skills;risk management skills;designing skills;writing skills;data visualization skills( power bi/ tableau );machine learning skills;sales;social media marketing;interpersonal skills;wealth management;hospitality;client management;good communication skills;teaching,b.tech data structures & algorithm research;social justice;teaching;technology;trading;web designing;data analytics accounting skills;active listening;hardware skills;programming language skills;critical thinking;artistic/creative skills;business knowledge;analytical skills;finance related skills;people management;communication skills;negotiation skills;mass communication;leadership;editing;problem solving skills;risk management skills;designing skills;writing skills;data visualization skills( power bi/ tableau );machine learning skills;sales;social media marketing;interpersonal skills;wealth management;hospitality;client management;good communication skills;teaching,b.tech data structures & algorithm,other
b.tech,computer science engineering,data scientist,programming language skills;analytical skills;leadership;data visualization skills( power bi/ tableau );machine learning skills;python;sql;cloud computing;good communication skills,b.tech computer science engineering data scientist programming language skills;analytical skills;leadership;data visualization skills( power bi/ tableau );machine learning skills;python;sql;cloud computing;good communication skills,b.tech computer science engineering,software engineer
b.tech,electrical and electronics engineering,"technology, understand human behaviour, understand human body","communication skills, work under pressure, leadership","b.tech electrical and electronics engineering technology, understand human behaviour, understand human body communication skills, work under pressure, leadership",b.tech electrical and electronics engineering,engineer
mca,electrical and electronics engineering,supply chain analysis;data analytics,programming language skills;analytical skills;r;python,mca electrical and electronics engineering supply chain analysis;data analytics programming language skills;analytical skills;r;python,mca electrical and electronics engineering,engineer
b.tech,computer applications,software job,networking,b.tech computer applications software job networking,b.tech computer applications,software engineer
b.tech,civil engineering,software job,no,b.tech civil engineering software job no,b.tech civil engineering,civil engineer
b.tech,mechanical engineering,technology,"ai, ml, python, c++, r, linux","b.tech mechanical engineering technology ai, ml, python, c++, r, linux",b.tech mechanical engineering,mechanical engineer
b.tech,electronics and communication engineering,technology;design;information technology,programming language skills;analytical skills;data visualization skills( power bi/ tableau );machine learning skills;r;python;artificial intelligence,b.tech electronics and communication engineering technology;design;information technology programming language skills;analytical skills;data visualization skills( power bi/ tableau );machine learning skills;r;python;artificial intelligence,b.tech electronics and communication engineering,electronics and communication engineer
b.tech,business,"supply chain analysis;gardening;service;industires;agriculture, services",business knowledge;people management;machine learning skills;hospitality,"b.tech business supply chain analysis;gardening;service;industires;agriculture, services business knowledge;people management;machine learning skills;hospitality",b.tech business,other
be,computer science engineering,"financial analysis, sales/marketing, technology, trading","ai, python, programming, communication skills, c++","be computer science engineering financial analysis, sales/marketing, technology, trading ai, python, programming, communication skills, c++",be computer science engineering,software engineer
b.com,electronics and communication engineering,service,accounting skills;active listening;hardware skills;critical thinking;gathering information;business knowledge;analytical skills;finance related skills;mass communication;leadership;product knowledge;problem solving skills;risk management skills;writing skills;hr,b.com electronics and communication engineering service accounting skills;active listening;hardware skills;critical thinking;gathering information;business knowledge;analytical skills;finance related skills;mass communication;leadership;product knowledge;problem solving skills;risk management skills;writing skills;hr,b.com electronics and communication engineering,electronics and communication engineer
b.tech,civil engineering,"web development,social causes,all fields related to data science,machine learning,data scientist",node.js;angular;jira;trello;jquery;javascript;ajax;php;codeignitor;loopback;,"b.tech civil engineering web development,social causes,all fields related to data science,machine learning,data scientist node.js;angular;jira;trello;jquery;javascript;ajax;php;codeignitor;loopback;",b.tech civil engineering,civil engineer
b.tech,mechanical engineering,teaching,"active listening,work under pressure,team work,presentation skills","b.tech mechanical engineering teaching active listening,work under pressure,team work,presentation skills",b.tech mechanical engineering,mechanical engineer
b.tech,mechanical engineering,technology,accounting skills;active listening;critical thinking;gathering information;artistic/creative skills;communication skills;negotiation skills;leadership;content creation,b.tech mechanical engineering technology accounting skills;active listening;critical thinking;gathering information;artistic/creative skills;communication skills;negotiation skills;leadership;content creation,b.tech mechanical engineering,mechanical engineer
b.e,electronics and telecommunication,data analytics,autocard,b.e electronics and telecommunication data analytics autocard,b.e electronics and telecommunication,telecom engineer
b.tech,media management,sales/marketing;technology;content writing;market reserach,critical thinking;business knowledge;analytical skills;leadership;writing skills;python;artificial intelligence;sql,b.tech media management sales/marketing;technology;content writing;market reserach critical thinking;business knowledge;analytical skills;leadership;writing skills;python;artificial intelligence;sql,b.tech media management,business analyst
be,computer science engineering,data analytics,active listening;gathering information;problem solving skills;python;matlab,be computer science engineering data analytics active listening;gathering information;problem solving skills;python;matlab,be computer science engineering,software engineer
journalism,mechanical engineering,news coverage;understand human behaviour;govt. job,communication skills;mass communication;leadership;problem solving skills;python,journalism mechanical engineering news coverage;understand human behaviour;govt. job communication skills;mass communication;leadership;problem solving skills;python,journalism mechanical engineering,engineer
b.sc,automobile engineering,data scientist;web development;machine learning,active listening;programming language skills;gathering information;python;sql;programming language c,b.sc automobile engineering data scientist;web development;machine learning active listening;programming language skills;gathering information;python;sql;programming language c,b.sc automobile engineering,automobile engineer
b.tech,mechanical engineering,technology;data analytics;data scientist,hardware skills;programming language skills;critical thinking;business knowledge;leadership;data visualization skills( power bi/ tableau );python;artificial intelligence;good communication skills,b.tech mechanical engineering technology;data analytics;data scientist hardware skills;programming language skills;critical thinking;business knowledge;leadership;data visualization skills( power bi/ tableau );python;artificial intelligence;good communication skills,b.tech mechanical engineering,mechanical engineer
be,business administration,"research, social justice","analytic thinking, communication skills, leadership, team work, designing skills","be business administration research, social justice analytic thinking, communication skills, leadership, team work, designing skills",be business administration,business analyst
b.tech,civil engineering,"financial analysis, take risk for profits, technology, entrepreneurship","accounting skills, active listening, java, sql, programming, communication skills, negotiation skills, work under pressure, leadership, team work, excel, logical skills, presentation skills, problem solving skills, mass communication, writing, observation skills, reading","b.tech civil engineering financial analysis, take risk for profits, technology, entrepreneurship accounting skills, active listening, java, sql, programming, communication skills, negotiation skills, work under pressure, leadership, team work, excel, logical skills, presentation skills, problem solving skills, mass communication, writing, observation skills, reading",b.tech civil engineering,civil engineer
bba,computer science engineering,"financial analysis, trading","critical thinking, analytic thinking, market study","bba computer science engineering financial analysis, trading critical thinking, analytic thinking, market study",bba computer science engineering,software engineer
b.tech,information technalogy,technology;understand human behaviour;govt. job;infrastructure;design;construction;construction manegement,"proeficiency in software like staad pro, etabs;construction management","b.tech information technalogy technology;understand human behaviour;govt. job;infrastructure;design;construction;construction manegement proeficiency in software like staad pro, etabs;construction management",b.tech information technalogy,software engineer
be,electronics and communication engineering,technology,"python, tableau","be electronics and communication engineering technology python, tableau",be electronics and communication engineering,electronics and communication engineer
b.tech,computer science engineering,technology,programming,b.tech computer science engineering technology programming,b.tech computer science engineering,software engineer
b.tech,accountancy,data analytics,r;python;sql,b.tech accountancy data analytics r;python;sql,b.tech accountancy,accountant
b.tech,geography,technology;govt. job;sports industry,programming language skills;people management,b.tech geography technology;govt. job;sports industry programming language skills;people management,b.tech geography,gis analyst
b.com,computer applications,news coverage;research;teaching;market reserach;infrastructure;social causes;industires,business knowledge,b.com computer applications news coverage;research;teaching;market reserach;infrastructure;social causes;industires business knowledge,b.com computer applications,software engineer
mba,business,retailer,hr,mba business retailer hr,mba business,other
bca,automobile engineering,data analytics;data scientist,problem solving skills;data visualization skills( power bi/ tableau );c++;java,bca automobile engineering data analytics;data scientist problem solving skills;data visualization skills( power bi/ tableau );c++;java,bca automobile engineering,automobile engineer
mba,cse,understand human behaviour;market reserach;na,hardware skills;business knowledge,mba cse understand human behaviour;market reserach;na hardware skills;business knowledge,mba cse,other
be,sales & marketing,entrepreneurship,creativity skills,be sales & marketing entrepreneurship creativity skills,be sales & marketing,marketing executive
b.tech,structure,technology;understand human body;web designing;web development,active listening;gathering information;communication skills;leadership;problem solving skills;designing skills;python;good communication skills,b.tech structure technology;understand human body;web designing;web development active listening;gathering information;communication skills;leadership;problem solving skills;designing skills;python;good communication skills,b.tech structure,other
agri diploma,chemical engineering,"news coverage, sales/marketing, take risk for profits, trading","gathering informing, business knowledge, leadership, market study, observation skills, risk managing","agri diploma chemical engineering news coverage, sales/marketing, take risk for profits, trading gathering informing, business knowledge, leadership, market study, observation skills, risk managing",agri diploma chemical engineering,engineer
b.tech,management,trading;customer care,critical thinking;artistic/creative skills;analytical skills;civil & criminal law;problem solving skills;risk management skills;writing skills;interpersonal skills;presentation skills,b.tech management trading;customer care critical thinking;artistic/creative skills;analytical skills;civil & criminal law;problem solving skills;risk management skills;writing skills;interpersonal skills;presentation skills,b.tech management,business analyst
b.tech,electronics and computer engineering,technology;social causes,"proeficiency in software like staad pro, etabs;good communication skills;refinery operations","b.tech electronics and computer engineering technology;social causes proeficiency in software like staad pro, etabs;good communication skills;refinery operations",b.tech electronics and computer engineering,software engineer
bba,computer science,sales/marketing;market reserach,active listening;hardware skills;problem solving skills;risk management skills;sales,bba computer science sales/marketing;market reserach active listening;hardware skills;problem solving skills;risk management skills;sales,bba computer science,software engineer
be,electronics and communication engineering,web designing;data analytics;data scientist,hardware skills;programming language skills;analytical skills;people management;communication skills;leadership;data visualization skills( power bi/ tableau );c++;r;python;content creation,be electronics and communication engineering web designing;data analytics;data scientist hardware skills;programming language skills;analytical skills;people management;communication skills;leadership;data visualization skills( power bi/ tableau );c++;r;python;content creation,be electronics and communication engineering,electronics and communication engineer
b.tech,commerce,research;understand human behaviour;content writing;design;information technology,programming language skills;communication skills;leadership;product knowledge;designing skills;writing skills;c++;python;sql;java,b.tech commerce research;understand human behaviour;content writing;design;information technology programming language skills;communication skills;leadership;product knowledge;designing skills;writing skills;c++;python;sql;java,b.tech commerce,accountant
be,history,data scientist,people management,be history data scientist people management,be history,teacher
b.com,business studies,sales/marketing,business knowledge;people management;communication skills;problem solving skills;sales;social media marketing;interpersonal skills;presentation skills,b.com business studies sales/marketing business knowledge;people management;communication skills;problem solving skills;sales;social media marketing;interpersonal skills;presentation skills,b.com business studies,other
ba,computer science engineering,teaching,teaching,ba computer science engineering teaching teaching,ba computer science engineering,software engineer
b.com,econamics,financial analysis;social justice;content writing;social media marketing,"accounting skills;hardware skills;business knowledge;finance related skills;communication skills;social media marketing;content creation;teaching;foreign languages french, spanish","b.com econamics financial analysis;social justice;content writing;social media marketing accounting skills;hardware skills;business knowledge;finance related skills;communication skills;social media marketing;content creation;teaching;foreign languages french, spanish",b.com econamics,other
b.sc,electrical engineering,"technology, understand human behaviour","java, programming, c++, r","b.sc electrical engineering technology, understand human behaviour java, programming, c++, r",b.sc electrical engineering,engineer
ba,computer science engineering,teaching;govt. job,active listening;problem solving skills;teaching;teaching experience,ba computer science engineering teaching;govt. job active listening;problem solving skills;teaching;teaching experience,ba computer science engineering,software engineer
b.tech,computer applications,govt. job;industires;sap consultant in mm,designing skills;c++;python,b.tech computer applications govt. job;industires;sap consultant in mm designing skills;c++;python,b.tech computer applications,software engineer
mca,instrumentation,design;salesforce admin,critical thinking;mass communication;leadership;editing;designing skills;cloud computing;sap;salesforce admin,mca instrumentation design;salesforce admin critical thinking;mass communication;leadership;editing;designing skills;cloud computing;sap;salesforce admin,mca instrumentation,automation engineer
bca,electrical and electronics engineering,testing,java,bca electrical and electronics engineering testing java,bca electrical and electronics engineering,engineer
b.tech,electrical and electronics engineering,technology;industires;design,automation,b.tech electrical and electronics engineering technology;industires;design automation,b.tech electrical and electronics engineering,engineer
b.tech,computer science engineering,"research;teaching;technology;data analytics;agriculture, services",accounting skills;active listening;hardware skills;business knowledge;problem solving skills,"b.tech computer science engineering research;teaching;technology;data analytics;agriculture, services accounting skills;active listening;hardware skills;business knowledge;problem solving skills",b.tech computer science engineering,software engineer
b.tech,computer science and engineering,teaching,"active listening,work under pressure,team work,presentation skills","b.tech computer science and engineering teaching active listening,work under pressure,team work,presentation skills",b.tech computer science and engineering,software engineer
b.tech,computer science,machine learning,data structures;algorithms;competitive programming;c++;javascript;javajava;git;intellijidea;xcode;problem solving;androidstudio;webstorm;postman api;html5;cascading style sheets (css);software development;core java;bootstrap;junit;react;back-end web development;spring framework;hibernate;cpp;database management system (dbms);linux;debugging;object-oriented programming (oop);object oriented design;databases,b.tech computer science machine learning data structures;algorithms;competitive programming;c++;javascript;javajava;git;intellijidea;xcode;problem solving;androidstudio;webstorm;postman api;html5;cascading style sheets (css);software development;core java;bootstrap;junit;react;back-end web development;spring framework;hibernate;cpp;database management system (dbms);linux;debugging;object-oriented programming (oop);object oriented design;databases,b.tech computer science,software engineer
b.tech,computer science,technology;web designing,active listening;programming language skills;critical thinking;analytical skills;communication skills;problem solving skills;python,b.tech computer science technology;web designing active listening;programming language skills;critical thinking;analytical skills;communication skills;problem solving skills;python,b.tech computer science,software engineer
b.sc,marketing,web designing,programming language skills;c++;python;java,b.sc marketing web designing programming language skills;c++;python;java,b.sc marketing,marketing executive
b.sc,electronics and communication engineering,web development;information technology,programming language skills;communication skills;c++,b.sc electronics and communication engineering web development;information technology programming language skills;communication skills;c++,b.sc electronics and communication engineering,electronics and communication engineer
mba,computer applications,sales/marketing;supply chain analysis;data analytics,active listening;critical thinking;analytical skills;finance related skills,mba computer applications sales/marketing;supply chain analysis;data analytics active listening;critical thinking;analytical skills;finance related skills,mba computer applications,software engineer
b.tech,computers,"trading, entrepreneurship, understand human behaviour","ml, python","b.tech computers trading, entrepreneurship, understand human behaviour ml, python",b.tech computers,software engineer
bca,computer science engineering,teaching,teaching,bca computer science engineering teaching teaching,bca computer science engineering,software engineer
mca,mechanical engineering,technology;web designing;data analytics,data visualization skills( power bi/ tableau );machine learning skills;r;python;artificial intelligence;sql,mca mechanical engineering technology;web designing;data analytics data visualization skills( power bi/ tableau );machine learning skills;r;python;artificial intelligence;sql,mca mechanical engineering,engineer
b.tech,marketing,game industry,c++;unity 3d;object-oriented programming (oop);game development;data structures;c#;unreal engine 4;c (programming language),b.tech marketing game industry c++;unity 3d;object-oriented programming (oop);game development;data structures;c#;unreal engine 4;c (programming language),b.tech marketing,marketing executive
dme,mechanical engineering,"financial analysis, news coverage, social justice, entrepreneurship, understand human behaviour, understand human body","reading, subject knowledge","dme mechanical engineering financial analysis, news coverage, social justice, entrepreneurship, understand human behaviour, understand human body reading, subject knowledge",dme mechanical engineering,engineer
pgdm,electrical and electronics engineering,technology;data analytics;digital marketing;data scientist;web development;social media marketing;information technology,risk management skills;social media marketing,pgdm electrical and electronics engineering technology;data analytics;digital marketing;data scientist;web development;social media marketing;information technology risk management skills;social media marketing,pgdm electrical and electronics engineering,engineer
be,"physics, chemistry and mathematics",research;technology;data analytics;data scientist,active listening;critical thinking;gathering information;people management;problem solving skills;risk management skills,"be physics, chemistry and mathematics research;technology;data analytics;data scientist active listening;critical thinking;gathering information;people management;problem solving skills;risk management skills","be physics, chemistry and mathematics",data analyst
b.tech,english,"technology, entrepreneurship","ml, python, sql, programming, team work, excel, logical skills, presentation skills, tableau","b.tech english technology, entrepreneurship ml, python, sql, programming, team work, excel, logical skills, presentation skills, tableau",b.tech english,content writer
b.sc,mechanical engineering,data analytics;data scientist,programming language skills;analytical skills;problem solving skills;data visualization skills( power bi/ tableau );machine learning skills;r;python;artificial intelligence;sql;good communication skills,b.sc mechanical engineering data analytics;data scientist programming language skills;analytical skills;problem solving skills;data visualization skills( power bi/ tableau );machine learning skills;r;python;artificial intelligence;sql;good communication skills,b.sc mechanical engineering,engineer
bca,nathing,financial analysis;trading,analytical skills,bca nathing financial analysis;trading analytical skills,bca nathing,other
be,commerce,content writing;data analytics;data scientist;industires,accounting skills;active listening;hardware skills;programming language skills;analytical skills;editing;hr,be commerce content writing;data analytics;data scientist;industires accounting skills;active listening;hardware skills;programming language skills;analytical skills;editing;hr,be commerce,accountant
diploma,computer science engineering,teaching,editing,diploma computer science engineering teaching editing,diploma computer science engineering,software engineer
b.com,computer science engineering,govt. job,accounting skills;critical thinking;editing;content creation,b.com computer science engineering govt. job accounting skills;critical thinking;editing;content creation,b.com computer science engineering,software engineer
b.tech,mechanical engineering,web designing;information technology,programming language skills,b.tech mechanical engineering web designing;information technology programming language skills,b.tech mechanical engineering,mechanical engineer
b.tech,statistics,research;data analytics;web development;social media marketing;social causes;industires;sports industry,programming language skills;critical thinking;gathering information;communication skills;negotiation skills;mass communication;leadership;editing;problem solving skills;risk management skills;c++;presentation skills;linux;python;content creation;java;cloud computing;matlab;good communication skills;sap;aws;salesforce admin,b.tech statistics research;data analytics;web development;social media marketing;social causes;industires;sports industry programming language skills;critical thinking;gathering information;communication skills;negotiation skills;mass communication;leadership;editing;problem solving skills;risk management skills;c++;presentation skills;linux;python;content creation;java;cloud computing;matlab;good communication skills;sap;aws;salesforce admin,b.tech statistics,data analyst
b.tech,automobile engineering,industires;design,cad/cae(autocad/catia/ansys/proe/seimensnx),b.tech automobile engineering industires;design cad/cae(autocad/catia/ansys/proe/seimensnx),b.tech automobile engineering,automobile engineer
b.sc,mechanical engineering,financial analysis;research;sales/marketing;teaching;technology;supply chain analysis;data analytics;data scientist,active listening;critical thinking;gathering information;artistic/creative skills;business knowledge;analytical skills;people management;communication skills;problem solving skills;writing skills;machine learning skills;python;artificial intelligence;automation,b.sc mechanical engineering financial analysis;research;sales/marketing;teaching;technology;supply chain analysis;data analytics;data scientist active listening;critical thinking;gathering information;artistic/creative skills;business knowledge;analytical skills;people management;communication skills;problem solving skills;writing skills;machine learning skills;python;artificial intelligence;automation,b.sc mechanical engineering,engineer
be,mechanical engineering,entrepreneurship,"critical thinking, analytic thinking, problem solving skills","be mechanical engineering entrepreneurship critical thinking, analytic thinking, problem solving skills",be mechanical engineering,engineer
be,history,research;teaching;supply chain analysis;gardening;social causes;industires,critical thinking;artistic/creative skills;analytical skills;problem solving skills;risk management skills;artificial intelligence;good communication skills,be history research;teaching;supply chain analysis;gardening;social causes;industires critical thinking;artistic/creative skills;analytical skills;problem solving skills;risk management skills;artificial intelligence;good communication skills,be history,teacher
b.tech,graphics,technology;trading;data analytics;industires,machine learning skills;python,b.tech graphics technology;trading;data analytics;industires machine learning skills;python,b.tech graphics,other
ba,mechanical enggineering,teaching;trading;supply chain analysis;data analytics;market reserach,active listening;business knowledge;analytical skills;communication skills;leadership;problem solving skills;sales;social media marketing;good communication skills;teaching,ba mechanical enggineering teaching;trading;supply chain analysis;data analytics;market reserach active listening;business knowledge;analytical skills;communication skills;leadership;problem solving skills;sales;social media marketing;good communication skills;teaching,ba mechanical enggineering,mechanical engineer
be,agriculture biotechnalogy,web designing;design,designing skills,be agriculture biotechnalogy web designing;design designing skills,be agriculture biotechnalogy,agricultural officer
b.tech,mathematics,research;sales/marketing;market reserach,active listening;communication skills;negotiation skills;problem solving skills;client management,b.tech mathematics research;sales/marketing;market reserach active listening;communication skills;negotiation skills;problem solving skills;client management,b.tech mathematics,data analyst
b.sc,commerce,research,"active listening, analytic thinking, gathering informing, work under pressure, team work, excel, logical skills, reporting","b.sc commerce research active listening, analytic thinking, gathering informing, work under pressure, team work, excel, logical skills, reporting",b.sc commerce,accountant
b.sc,information technalogy,research;govt. job,medical knowledge,b.sc information technalogy research;govt. job medical knowledge,b.sc information technalogy,software engineer
b.com,statistics,understand human behaviour,accounting skills,b.com statistics understand human behaviour accounting skills,b.com statistics,data analyst
b.tech,civil engineering,technology;web designing;data analytics,gathering information;analytical skills;communication skills;leadership;data visualization skills( power bi/ tableau );interpersonal skills,b.tech civil engineering technology;web designing;data analytics gathering information;analytical skills;communication skills;leadership;data visualization skills( power bi/ tableau );interpersonal skills,b.tech civil engineering,civil engineer
b.sc,data structures & algorithm,financial analysis;govt. job;social media marketing,critical thinking;business knowledge;leadership;risk management skills;c++;sql;java,b.sc data structures & algorithm financial analysis;govt. job;social media marketing critical thinking;business knowledge;leadership;risk management skills;c++;sql;java,b.sc data structures & algorithm,other
b.tech,civil engineering,data analytics,analytical skills;data visualization skills( power bi/ tableau );machine learning skills;python;artificial intelligence,b.tech civil engineering data analytics analytical skills;data visualization skills( power bi/ tableau );machine learning skills;python;artificial intelligence,b.tech civil engineering,civil engineer
be,computers,data analytics,"ml, python, sql","be computers data analytics ml, python, sql",be computers,software engineer
b.tech,"statistics,mathematics,computers",financial analysis;govt. job,accounting skills;active listening;finance related skills;people management,"b.tech statistics,mathematics,computers financial analysis;govt. job accounting skills;active listening;finance related skills;people management","b.tech statistics,mathematics,computers",software engineer
b.sc,statistics,content writing;data analytics;govt. job;data scientist;gardening;service;all fields related to data science.,active listening;artistic/creative skills;communication skills;sales;python;good communication skills;teaching;teaching experience,b.sc statistics content writing;data analytics;govt. job;data scientist;gardening;service;all fields related to data science. active listening;artistic/creative skills;communication skills;sales;python;good communication skills;teaching;teaching experience,b.sc statistics,data analyst
b.sc,information technology,financial analysis;research;data analytics;data scientist,programming language skills;analytical skills;data visualization skills( power bi/ tableau );machine learning skills;r;python;sql,b.sc information technology financial analysis;research;data analytics;data scientist programming language skills;analytical skills;data visualization skills( power bi/ tableau );machine learning skills;r;python;sql,b.sc information technology,software engineer
b.sc,computer science engineering,data analyst,"ml, python, analytic thinking, sql, communication skills, tableau","b.sc computer science engineering data analyst ml, python, analytic thinking, sql, communication skills, tableau",b.sc computer science engineering,software engineer
b.sc,business management,technology,"ai, python, java, sql, programming, communication skills, leadership, editing, team work, excel, logical skills, c++, linux, problem solving skills","b.sc business management technology ai, python, java, sql, programming, communication skills, leadership, editing, team work, excel, logical skills, c++, linux, problem solving skills",b.sc business management,business analyst
b.tech,business management,financial analysis;technology,programming language skills;communication skills;leadership;java,b.tech business management financial analysis;technology programming language skills;communication skills;leadership;java,b.tech business management,business analyst
b.com,mechanical engineering,sales/marketing;sports industry;customer care,business knowledge,b.com mechanical engineering sales/marketing;sports industry;customer care business knowledge,b.com mechanical engineering,engineer
b.com,computer science engineering,sales/marketing;sports industry;customer care,social media marketing,b.com computer science engineering sales/marketing;sports industry;customer care social media marketing,b.com computer science engineering,software engineer
b.tech,bbb,"financial analysis, technology, trading, entrepreneurship, understand human behaviour","sql, derivatives, linux","b.tech bbb financial analysis, technology, trading, entrepreneurship, understand human behaviour sql, derivatives, linux",b.tech bbb,other
b.tech,electronics and communication engineering,"web development,information technology,blockchain",cloud computing;microsoft azure;amazon web services (aws)docker;jenkins;git;kubernetes;powershell;mysql;big data analytics,"b.tech electronics and communication engineering web development,information technology,blockchain cloud computing;microsoft azure;amazon web services (aws)docker;jenkins;git;kubernetes;powershell;mysql;big data analytics",b.tech electronics and communication engineering,electronics and communication engineer
mba,commerce,financial analysis;research;sales/marketing;teaching;trading;understand human body;web designing;data analytics;digital marketing;retailer;web development;gardening;service;infrastructure,accounting skills;gathering information;finance related skills;writing skills,mba commerce financial analysis;research;sales/marketing;teaching;trading;understand human body;web designing;data analytics;digital marketing;retailer;web development;gardening;service;infrastructure accounting skills;gathering information;finance related skills;writing skills,mba commerce,accountant
b.tech,electronics & telecommunications,data analytics,no,b.tech electronics & telecommunications data analytics no,b.tech electronics & telecommunications,telecom engineer
b.com,computer science engineering,financial analysis,"accounting skills, active listening, critical thinking, analytic thinking, java, communication skills, cost accounting, excel","b.com computer science engineering financial analysis accounting skills, active listening, critical thinking, analytic thinking, java, communication skills, cost accounting, excel",b.com computer science engineering,software engineer
b.tech,electrical and electronics engineering,product life cycle management,product management;user experience (ux);product development;account management;product strategy;project resourcing,b.tech electrical and electronics engineering product life cycle management product management;user experience (ux);product development;account management;product strategy;project resourcing,b.tech electrical and electronics engineering,engineer
b.sc,coding,technology,communication skills;data visualization skills( power bi/ tableau ),b.sc coding technology communication skills;data visualization skills( power bi/ tableau ),b.sc coding,other
b.tech,electronics and communication engineering,technology,"python, sql, oracle","b.tech electronics and communication engineering technology python, sql, oracle",b.tech electronics and communication engineering,electronics and communication engineer
b.sc,computer science engineering,technology,"sql, problem solving skills","b.sc computer science engineering technology sql, problem solving skills",b.sc computer science engineering,software engineer
b.tech,animation & visual effects,technology;content writing,programming language skills;critical thinking;analytical skills;editing;data visualization skills( power bi/ tableau );sql,b.tech animation & visual effects technology;content writing programming language skills;critical thinking;analytical skills;editing;data visualization skills( power bi/ tableau );sql,b.tech animation & visual effects,other
be,computer science,"financial analysis, technology","ai, java, sql, c++, r, linux","be computer science financial analysis, technology ai, java, sql, c++, r, linux",be computer science,software engineer
b.sc,animation & visual effects,animation,2d/3d animation,b.sc animation & visual effects animation 2d/3d animation,b.sc animation & visual effects,other
